Story,Area,Code,Definition of Done,Dependencies,Epic,Exit Criteria,Horizon,Legacy Source,Order,Prefix,Priority,Repo Evidence,Source GDD,Spec State,Status,Summary,System Area,Theme,Type,Wave
"Rebuild pre-stage preparation around V2 skill families Ward, Break, Veil, Path, Rite, and Root instead of old per-calling skill stubs.",Echo Progression,V2-PROG-005,Canonical foundation skill families and their role in prep flow are defined. Old per-calling stub assumptions are removed.,V2-PROG-004,Skill Families,Future combat stories build against family skills.,Foundation,PROG-008; PROG-009,60,PROG,P1,core/progression/http://SkillDefinition.gd; core/state/flow/states/venture/http://FlowStageMapState.gd; data/balance.json,§11.4.5 Current skill direction,Locked,Ready,Prep and growth need a family-based skill model so calling identity and future Standing 6/9 growth can attach cleanly.,PROG,,Rewrite,Foundation
Implement Standing-3 recognition around the six foundational V2 callings and the locked selection overlay logic.,Echo Progression,V2-PROG-004,The six foundational Standing-3 callings are canonical. Overlay logic and selection rules match the locked V2 structure.,V2-PROG-002; V2-PROG-003,Callings,No new progression or voice story references the old five callings as final canon.,Foundation,PROG-007,50,PROG,P0,core/progression/http://CallingService.gd; docs/http://calling-reference.md; data/balance.json,§11.4.5; §11.5; §20.17,Locked,Ready,"Standing-3 calling recognition must surface Okofor, Aduro, Onyamesu, Okomfo, Kra-Soro, and Sum-Okwanfo instead of the old five-calling model.",PROG,,Rewrite,Foundation
"Replace explicit smartness-tier framing with the hidden maturity-expression layer that drives readiness, refusal, composure, and interpretation.",Echo Progression,V2-PROG-006,Smartness-tier language is removed from canonical backlog truth. Hidden maturity-expression is defined as the new behavior seam.,V2-PROG-001; V2-PROG-003,Expression,"Voice, vows, bonds, and initiative stories can reference one shared expression layer.",Foundation,PROG-010,70,PROG,P1,core/actors/http://SmartnessTierService.gd; core/actors/http://ActorStateMachine.gd; data/balance.json,§11.5 hidden maturity-expression layer; §23.2,Locked,Ready,"Behavior readability should come from maturity-expression under pressure, not visible AI competence tiers.",PROG,,Rewrite,Foundation
"Replace player-facing XP, Rank, and Level language with Storyweight, Standing, and Step while keeping save-safe internal compatibility.",Echo Progression,V2-PROG-001,"UI, snapshots, docs, and story text stop using XP/Rank/Level as canonical player-facing terms. Compatibility path is defined.",V2-MIG-001,Echo Progression,No new implementation story depends on old progression vocabulary.,Alignment,PROG-003; PROG-004; PROG-007; PROG-009; PROG-010,20,PROG,P0,core/progression/http://ProgressionService.gd; ui/screens/sanctum/http://EchoPartyScreen.gd; ui/overlays/http://RankUpOverlay.gd,§11.5; §11.9; §12.1; §23.2,Locked,Ready,"All player-facing progression surfaces and backlog language must read as Storyweight, Standing, and Step.",PROG,,Rewrite,Alignment
Define the foundation Thread recovery model so Realm rewards and Echo growth route through V2 Weave truth instead of generic progression payouts.,Narrative / Content,V2-WEAVE-001,"Recovered Threads, reserve behavior, and their relation to Storyweight are defined for foundation implementation.",V2-PROG-001,Threads,Realm rewards can be rewritten against Threads instead of generic gain bundles.,Foundation,No safe legacy story,80,WEAVE,P0,Current repo has no Thread implementation,§12; §13; §14.1-§14.7,Mostly Locked,Ready,Thread recovery has to become the foundation reward spine before the game can grow into the V2 full loop.,WEAVE,,New,Foundation
"Map legacy progression, calling, vector, directive, Sanctum, and economy seams into V2 targets so implementation work can be ordered without design drift.",Foundation / Migration,V2-MIG-001,"Migration map exists for progression, stages/directives, Sanctum, and economy. Legacy stories are tagged as carryover, rewrite, or superseded.",,Legacy Alignment,V2 implementation order and dependency logic are explicit.,Alignment,Legacy backlog overall,10,MIGRATION,P0,core/progression/; core/directives/; core/state/flow/; core/sanctum/; data/balance.json,§11.5; §20.17; §22.3; §23.1,Locked,Ready,"Produce the authoritative migration map from current code-era systems into V2 canonical systems, preserving valid rails and naming the required replacements.",INFRA / MIGRATION,,Migration,Alignment
"Unify confirmed calling identity across save data, snapshots, combat behavior, initiative modifiers, and preparation flow so V2 calling work has one runtime seam.",Echo Progression,V2-PROG-002,Calling storage and projection seams are unified. Old calling_origin ambiguity is removed or explicitly migrated.,V2-MIG-001; V2-PROG-001,Callings,Future V2 calling stories target one runtime identity path.,Alignment,PROG-007; PROG-009,30,PROG,P0,core/progression/http://CallingService.gd; core/actors/http://EchoActor.gd; core/actors/behaviors/http://BehaviorArbiter.gd; core/state/flow/states/venture/http://FlowStageMapState.gd,§11.5; §11.9; §23.2,Locked,Ready,Retire ambiguous old calling storage so one confirmed calling identity drives simulation and UI.,PROG,,Migration,Alignment
Replace the old four-vector model with the V2 ten-vector identity model and locked virtue pairings.,Echo Progression,V2-PROG-003,Ten vectors and virtue pairings are defined as runtime/backlog truth. Migration from four-vector save data is specified.,V2-MIG-001,Vectors,No foundation story depends on legacy vector canon.,Alignment,PROG-005,40,PROG,P0,core/actors/http://VectorService.gd; core/grid/http://GridService.gd; data/balance.json,§11.4.3; §13.1-§13.8,Locked,Ready,The identity layer must move from the legacy four-vector model to the V2 ten-vector structure before calling and expression work can be canon-safe.,PROG,,Rewrite,Alignment
Implement the reduced foundation Weaving Rite outcome set and clue-based readiness model as the first canonical rite loop.,Narrative / Content,V2-WEAVE-002,"Foundation rite outcomes, readiness factors, and player clue surfaces are specified as implementation truth.",V2-WEAVE-001; V2-PROG-003; V2-PROG-004,Rite,Future Sanctum and Thread stories can build against one canonical rite loop.,Foundation,No safe legacy story,90,WEAVE,P0,Current repo has no rite implementation,§14.8-§16.11; §20.17,Locked,Ready,Foundation implementation needs the locked reduced outcome set and readiness clues rather than a full late-game rite system.,WEAVE,,New,Foundation
Carry forward the intel contract rail so failed and partial runs still return useful discoveries about a persistent stage.,Realm / Tactical,V2-INTEL-001,Objective type or location and discovered hazards can be retained across withdrawal/failure; known versus unknown intel is visible in snapshots or stage surfaces.,"V2-STAGE-001, V2-DIRECTIVE-001",Stage Influence Layer,The player can fail forward in realm play because discoveries survive the run.,Alignment,INTEL-001,120,INTEL,P0,core/save/http://SaveSchema.gd; core/state/flow/states/venture/http://FlowStageMapState.gd,V2 GDD hidden intel surface and useful failed runs,Mostly Locked,Ready,"Preserve the good old backlog idea that intel should persist and remain partially reliable, but attach it to V2 stage discovery instead of old itemized rumor scaffolding.",DIRECTIVE / INTEL / STAGE,,Carryover,Alignment
"Lock each stage instance on first entry and hide exact objective, hazard, and encounter details until the player discovers them.",Realm / Tactical,V2-STAGE-001,Unresolved stages preserve layout and reveal state across reruns; new generation only occurs on later realm replay; hidden/known state is saved safely.,V2-MIG-002,Persistent Stage Framework,"Stage persistence works as a V2 foundation seam for intel, scouting, and consequences.",Alignment,STAGE-001,110,STAGE,P0,core/state/flow/states/venture/http://FlowStageMapState.gd; core/state/flow/states/venture/http://FlowStageState.gd; core/save/http://SaveSchema.gd,V2 GDD procedural stage model with lock-on-entry persistence,Locked,Superseded,Superseded duplicate of V2-STAGE-001. Canonical card: 339c3d1e-de92-8124-a5a3-cca8e8076542.,DIRECTIVE / INTEL / STAGE,,Rewrite,Alignment
Replace the current generic starter directive surface with the locked V2 opening pair Scout Carefully and Seek Signs.,Realm / Tactical,V2-DIRECTIVE-001,"Both starter directives are selectable, persisted into stage context, and visibly change scouting/survival outcomes without adding a second directive architecture.",V2-MIG-002,Stage Influence Layer,The first realm run starts from V2 directive truth and no player-facing surface references obsolete directive framing.,Alignment,"DIRECTIVE-001, DIRECTIVE-002, DIRECTIVE-003",100,DIRECTIVE,P0,core/directives/http://DirectiveService.gd; core/state/flow/http://FlowStateMachine.gd,V2 GDD locked starter directive pair,Locked,Superseded,Superseded duplicate of V2-DIRECTIVE-001. Canonical card: 339c3d1e-de92-81e2-bd6b-e14b2c85c3ce.,DIRECTIVE / INTEL / STAGE,,Rewrite,Alignment
"Carry forward the opening economy cadence work so awakening, first summons, early runs, and offline Ase unlock timing match the V2 foundation loop.",Economy / Support,V2-ECONOMY-001,"Awakening grant, first-summon pressure, stage payouts, withdrawal value, and offline unlock timing feel tense without stalling the early loop.",V2-MIG-002,Economy Cadence,Early sessions can progress through pressure and partial success without economy dead-ends.,Alignment,ECONOMY-005,140,ECONOMY,P0,core/economy/http://EconomyService.gd; core/state/flow/states/sanctum/http://FlowSummonState.gd; ui/screens/sanctum/http://SanctumScreen.gd,"V2 GDD awakening, early loop tension, and offline Ase flame recovery",Mostly Locked,Superseded,Superseded duplicate of V2-ECONOMY-001. Canonical card: 339c3d1e-de92-81fc-8fae-ed378257be5e.,ECONOMY / EMOTION / COMBAT,,Carryover,Alignment
Carry forward the lightweight bond and rivalry graph as a runtime rail so V2 social consequence can build on an existing deterministic relationship model.,Sanctum,V2-BOND-001,"The backlog keeps the bond graph as a first-class seam with clear V2 intent, data ownership, and downstream consequence uses.",V2-SANCTUM-001,Social Consequence Rail,Future bond stories can build on current relationship storage without redesigning the core graph.,Alignment,BOND-001,160,BOND,P1,core/sanctum/http://SocialGraphService.gd; ui/components/http://BondTierBar.gd,V2 GDD bonds as wholeness pressure and house consequence,Locked,Ready,"Retain the implemented relationship graph as a foundational rail, but stop treating it as flavor-only data and position it for V2 rescue, refusal, grief, and trust effects.",SANCTUM / BOND / VOW / VOICE,,Carryover,Alignment
"Carry forward the emotion readability rail so fear and morale are legible before, during, and after a run without exposing noisy formulas.",Economy / Support,V2-EMOTION-001,"Stage, encounter, resolve, and Sanctum return surfaces show key fear/morale deltas and causes in a compact way; no formula dump is required.",V2-MIG-002,Echo Consequence Layer,"A player can explain why an Echo hesitated, broke, or recovered by reading the game state.",Alignment,EMOTION-003,130,EMOTION,P0,core/emotion/http://EmotionService.gd; core/state/flow/states/sanctum/http://FlowSanctumState.gd,V2 GDD pressure spine and visible consequence requirements,Mostly Locked,Superseded,Superseded duplicate of V2-EMOTION-001. Canonical card: 339c3d1e-de92-8188-97cb-e53e9773eabb.,ECONOMY / EMOTION / COMBAT,,Carryover,Alignment
Carry forward deterministic vow tracking as a rail so V2 vow pressure has enforceable state instead of becoming pure flavor text.,Sanctum,V2-VOW-001,"Active vow state, violation conditions, and release outcomes are explicit enough to power future doctrine and aftermath stories.",V2-SANCTUM-001,Doctrine Rail,Vows remain enforceable system state and not just narrative labeling.,Alignment,VOW-001,170,VOW,P1,core/sanctum/http://VowService.gd; core/actors/behaviors/http://BehaviorArbiter.gd; core/state/flow/states/sanctum/http://FlowVowState.gd,V2 GDD vows as Keeper promises and doctrine overlays,Locked,Ready,"Keep the deterministic vow violation seam from the old backlog, but reinterpret it as doctrine pressure tracking for Keeper promises.",SANCTUM / BOND / VOW / VOICE,,Carryover,Alignment
"Add an additive V2 save schema bridge so Storyweight, Standing, Step, Threads, Continuity, and stage-intel persistence can ship without breaking live saves.",Foundation / Migration,V2-MIG-002,New saves persist additive V2 roots; old saves repair deterministically; continue flow remains valid; repair coverage exists for create/load/upgrade.,V2-MIG-001,Save and Runtime Bridge,The repo can store V2 fields without rewriting the active gameplay loop or invalidating existing saves.,Alignment,INFRA-001,15,MIGRATION,P0,core/save/http://SaveSchema.gd; core/save/http://SaveService.gd,V2 GDD progression/state migration and accepted save-repair rails,Locked,Ready,Extend the save contract with additive V2 roots and deterministic repair paths so migration work can happen in thin slices instead of one hard cutover.,INFRA / MIGRATION,,Migration,Alignment
Add the first visible Continuity spine so returned Threads and handled house consequences can start unlocking the earliest institution candidates.,Sanctum,V2-CONTINUITY-001,Save or snapshot exposes Continuity; early events or returned Threads can move it; first unlock candidates can surface without full building sim.,"V2-WEAVE-002, V2-SANCTUM-001",House Growth Seed,Sanctum progression has a V2 spine that future institutions can depend on.,Foundation,SANCTUM-BLD-001 superseded; preserve only the institution-state rail,190,CONTINUITY,P1,core/state/flow/states/sanctum/http://FlowSanctumState.gd; ui/screens/sanctum/http://SanctumScreen.gd,V2 GDD Continuity as Sanctum progression spine,Locked,Superseded,Superseded duplicate of V2-CONTINUITY-001. Canonical card: 339c3d1e-de92-818c-a4dd-e86e05bacba9.,SANCTUM / BOND / VOW / VOICE,,New,Foundation
Carry forward the post-run house consequence rail so every return to Sanctum surfaces what changed in the house and in the people.,Sanctum,V2-SANCTUM-001,"Every stage return can show a compact consequence pass covering resources, emotion, intel, and house change before normal Sanctum navigation resumes.","V2-INTEL-001, V2-EMOTION-001, V2-ECONOMY-001",Sanctum Feedback Loop,The house no longer feels like a neutral reset screen after realm play.,Alignment,SANCTUM-004,150,SANCTUM,P0,core/state/flow/states/sanctum/http://FlowSanctumState.gd; core/state/flow/states/http://FlowResolveState.gd,"V2 GDD Continuity spine, Sanctum pulse model, and post-stage fallout",Mostly Locked,Ready,"Preserve the valuable old idea that Sanctum should answer every run with visible change, but route it through V2 consequence and pulse language instead of generic hub feedback.",SANCTUM / BOND / VOW / VOICE,,Carryover,Alignment
"Formalize initiative-adjacent consequence routing so directives do not directly modify initiative, but bonds, vows, fear, morale, and presence change what happens after initiative.",Realm / Tactical,V2-COMBAT-001,"Deterministic tests cover guard, rescue, hesitation, target changes, and refusal interactions after initiative is set, and snapshots make those outcomes legible.","V2-DIRECTIVE-001, V2-EMOTION-001, V2-BOND-002, V2-VOW-002",Pressure Collision Rules,Pressure systems affect combat behavior coherently without violating the locked initiative rule.,Foundation,COMBAT-008,180,COMBAT,P1,core/combat/http://CombatState.gd; core/actors/http://ActorStateMachine.gd; core/state/flow/states/venture/http://FlowEncounterState.gd,V2 GDD initiative as readiness and downstream pressure behavior,Locked,Superseded,Superseded duplicate of V2-COMBAT-001. Canonical card: 339c3d1e-de92-81ac-a40f-d9c2f802d385. Pressure-collision logic now lives separately in 339c3d1e-de92-8190-ad52-ce3f2a0620c8.,ECONOMY / EMOTION / COMBAT,,Carryover,Foundation
"Use the existing bark pipeline for high-signal refusal, omen, fear-spike, and aftermath lines so voice interprets consequence without owning simulation logic.",Narrative / Content,V2-VOICE-001,Combat and return flows surface context-appropriate barks at controlled cadence and no voice line is the source of simulation truth.,"V2-EMOTION-001, V2-COMBAT-001",Interpretive Feedback,Voice helps the player read pressure and becoming without replacing systemic state.,Foundation,"VOICE-001, VOICE-002",185,VOICE,P1,core/actors/http://ActorStateMachine.gd; core/echoes/http://ShoutBank.gd; core/state/flow/states/sanctum/http://FlowEchoPartyState.gd,V2 GDD expression layer and voice as interpretation,Mostly Locked,Ready,"Preserve the voice surface as a feedback seam, but relocate its meaning to V2 maturity-expression and current pressure instead of old calling/smartness framing.",SANCTUM / BOND / VOW / VOICE,,Carryover,Foundation
Unlock Hearth and Training Grounds as the first institution anchors so the house begins to feel culturally alive instead of menu-only.,Sanctum,V2-SANCTUM-002,"Hearth and Training Grounds can appear as unlock candidates, expose first passive effects, and change how the Sanctum reads even before a full jobs layer exists.","V2-CONTINUITY-001, V2-ECONOMY-001",First Institution Anchors,The house starts growing through V2 institutions rather than generic building slots.,Foundation,"SANCTUM-BLD-001, SANCTUM-BLD-002",200,SANCTUM,P2,ui/shells/http://SanctumShell.gd; ui/screens/sanctum/http://SanctumScreen.gd,V2 GDD early institution candidates Hearth and Training Grounds,Locked,Ready,Use the earliest Continuity band to surface the first real institution anchors and their first routine effects.,SANCTUM / BOND / VOW / VOICE,,New,Foundation
"Extend the bond rail into threshold-based combat and aftermath consequences so bonded Echoes protect, grieve, hesitate, and recover differently.",Sanctum,V2-BOND-002,Bond thresholds can alter combat choices or aftermath outputs and changes are visible on return to Sanctum.,"V2-BOND-001, V2-EMOTION-001, V2-SANCTUM-001",Echo Consequence Layer,Bonds have meaningful systemic consequence rather than remaining a decorative roster metric.,Foundation,BOND-002,165,BOND,P1,core/sanctum/http://SocialGraphService.gd; core/state/flow/states/sanctum/http://FlowEchoPartyState.gd,"V2 GDD bonds affecting wholeness, refusal, and recovery",Mostly Locked,Ready,Use the existing relationship graph to make social ties matter under pressure and after loss.,SANCTUM / BOND / VOW / VOICE,,New,Foundation
Surface active vow pressure during stages and clearly report release or break fallout when the party returns home.,Sanctum,V2-VOW-002,"The UI shows what a vow currently asks of the party and what was lost or gained when it was kept, bent, or broken.","V2-VOW-001, V2-EMOTION-001, V2-SANCTUM-001",Echo Consequence Layer,Players can trace vow effects through both stage pressure and post-run fallout.,Foundation,VOW-002,175,VOW,P1,core/sanctum/http://VowService.gd; core/state/flow/states/sanctum/http://FlowVowState.gd,V2 GDD vow pressure and aftermath consequences,Mostly Locked,Superseded,Superseded duplicate of V2-VOW-002. Canonical card: 339c3d1e-de92-8198-b7e4-ee2eb50629c5.,SANCTUM / BOND / VOW / VOICE,,Rewrite,Foundation
"Add a V2-ready save schema bridge so Storyweight, Standing, Step, Threads, Continuity, and stage persistence can land without breaking existing saves.",Foundation / Migration,V2-MIG-002,New saves include additive V2 roots; legacy saves repair deterministically on load; boot/continue flow remains valid; schema coverage includes create/load/repair.,V2-MIG-001,Schema Bridge,"Save contracts can hold V2 progression aliases, stage persistence, Thread reserve, and Continuity without blocking live play.",Alignment,INFRA-001,100,MIGRATION,P0,/Users/jeffreygyamfi/Sites/echoes-vnext/core/save/http://SaveSchema.gd; /Users/jeffreygyamfi/Sites/echoes-vnext/core/save/http://SaveService.gd,Echoes vNext Working GDD V2: save repair and schema migration are accepted rails; progression and Continuity now need additive save roots.,Locked,Ready,Introduce additive V2 save fields and repair logic instead of attempting a destructive data reset.,INFRA / MIGRATION,Migration,Migration,Alignment
"Lock generated stages on first commitment and hide exact objective, hazard, and encounter details until discovered so stages become learnable spaces instead of disposable reveals.",Realm / Tactical,V2-STAGE-001,Unresolved stages preserve layout and reveal state across reruns; new generation happens only on later Realm replay; player-facing state distinguishes known from unknown information.,V2-MIG-002,Stage Influence Layer,Stage selection no longer exposes the whole puzzle upfront and failed runs can teach the player something stable.,Alignment,STAGE-001,120,STAGE,P0,/Users/jeffreygyamfi/Sites/echoes-vnext/core/state/flow/states/venture/http://FlowStageMapState.gd; /Users/jeffreygyamfi/Sites/echoes-vnext/core/state/flow/states/venture/http://FlowStageState.gd; /Users/jeffreygyamfi/Sites/echoes-vnext/core/save/http://SaveSchema.gd,"Echoes vNext Working GDD V2: stages are procedural until entry, then lock and persist through the run.",Locked,Ready,"Stage generation should become persistent, partially hidden, and rerun-readable.",DIRECTIVE / INTEL / STAGE,Stages,Rewrite,Alignment
"Deliver Hearth and Training Grounds as the first institution anchors with passive effects, first jobs, and pulse-facing warnings so the house starts feeling culturally alive.",Sanctum,V2-SANCTUM-003,"Hearth and Training Grounds unlock from Continuity plus readiness, affect routine or pulse output, and visibly change who spends time where in the house.","V2-CONTINUITY-001, V2-SANCTUM-002, V2-ECONOMY-001",House Growth Seed,The first institution layer feels like the start of a living Sanctum rather than a detached upgrade menu.,Post-Foundation,SANCTUM-BLD-002,400,SANCTUM,P2,/Users/jeffreygyamfi/Sites/echoes-vnext/ui/shells/http://SanctumShell.gd; /Users/jeffreygyamfi/Sites/echoes-vnext/ui/screens/sanctum/http://SanctumScreen.gd,Echoes vNext Working GDD V2: Hearth and Training Grounds are the first institution candidates after the foundation spine exists.,Mostly Locked,Draft,Use the first institutions to move Sanctum from menu shell toward a living house.,SANCTUM / BOND / VOW / VOICE,Sanctum Life,New,Expansion
Carry forward institution state contracts so future Hearth and Training Grounds work can expand safely without rewiring Sanctum flow or rendering.,Sanctum,V2-SANCTUM-002,Institution definitions and state contracts exist as safe expansion seams; they do not assume generic building XP or ownership of progression; UI can reference them without rewiring flow.,V2-CONTINUITY-001,House Growth Seed,Hearth and Training Grounds can be added on top of stable institution data contracts.,Foundation,SANCTUM-BLD-001,240,SANCTUM,P1,/Users/jeffreygyamfi/Sites/echoes-vnext/ui/sanctum/http://SanctumSpatialRenderer.gd; /Users/jeffreygyamfi/Sites/echoes-vnext/ui/shells/http://SanctumShell.gd; /Users/jeffreygyamfi/Sites/echoes-vnext/ui/screens/sanctum/http://SanctumScreen.gd,"Echoes vNext Working GDD V2: institutions matter, but spatial visualization stays subordinate to house progression and pulse.",Mostly Locked,Ready,Preserve the useful old institution-definition seam while removing the old Sanctum leveling assumptions.,SANCTUM / BOND / VOW / VOICE,Sanctum Life,Carryover,Foundation
Carry forward deterministic vow tracking so V2 vows still have enforceable teeth even before the full doctrine layer is built.,Sanctum,V2-VOW-001,"Active vow conditions are evaluated deterministically; violation, release, and compliance hooks stay queryable by run and Sanctum systems.",None,Echo Consequence Layer,Vows can exert reliable pressure before the full doctrine expansion lands.,Alignment,VOW-001,180,VOW,P1,/Users/jeffreygyamfi/Sites/echoes-vnext/core/sanctum/http://VowService.gd; /Users/jeffreygyamfi/Sites/echoes-vnext/core/actors/behaviors/http://BehaviorArbiter.gd,"Echoes vNext Working GDD V2: vows remain keeper promises and doctrine overlays, so deterministic violation tracking still matters.",Mostly Locked,Ready,"Keep the old vow enforcement seam, but treat it as a runtime rail for the broader V2 doctrine model.",SANCTUM / BOND / VOW / VOICE,Vows,Carryover,Alignment
"Make fear and morale readable before, during, and after a run so the player can understand hesitation, refusal, collapse, and recovery without seeing raw formulas.",Economy / Support,V2-EMOTION-001,"Key thresholds, recent deltas, and main causes are surfaced in Stage, Encounter, Resolve, and Sanctum return states without exposing internal scoring noise.",None,Echo Consequence Layer,The player can answer why an Echo hesitated or broke and what changed after the run.,Alignment,"EMOTION-001, EMOTION-003",140,EMOTION,P0,/Users/jeffreygyamfi/Sites/echoes-vnext/core/emotion/http://EmotionService.gd; /Users/jeffreygyamfi/Sites/echoes-vnext/core/state/flow/states/sanctum/http://FlowSanctumState.gd,"Echoes vNext Working GDD V2: pressure, morale, fear, and readiness should be legible across the loop.",Mostly Locked,Ready,"Improve emotional readability as a foundation for maturity-expression, vows, bonds, and combat aftermath.",ECONOMY / EMOTION / COMBAT,Emotion,Rewrite,Alignment
"Add the first visible Continuity spine so returned Threads, handled fallout, and house stability can start gating unlock candidates without full institution simulation.",Sanctum,V2-CONTINUITY-001,Save and snapshots expose a visible Continuity value or band; returned Threads and major house consequences can move it; unlock candidates show blocker language.,"V2-WEAVE-001, V2-WEAVE-002, V2-SANCTUM-001, V2-MIG-002",House Growth Seed,Sanctum progression no longer reads as generic hub XP or building level.,Foundation,SANCTUM-005,230,CONTINUITY,P1,/Users/jeffreygyamfi/Sites/echoes-vnext/core/state/flow/states/sanctum/http://FlowSanctumState.gd; /Users/jeffreygyamfi/Sites/echoes-vnext/ui/screens/sanctum/http://SanctumScreen.gd,Echoes vNext Working GDD V2: Continuity is the Sanctum progression spine and should surface before deep building simulation.,Locked,Ready,Start Continuity as the visible growth backbone that later institutions and unlocks can hang from.,SANCTUM / BOND / VOW / VOICE,Continuity,New,Foundation
"Use the deterministic bark pipeline to surface high-signal fear, omen, refusal, and aftermath lines at the moments the player most needs interpretation.",Narrative / Content,V2-VOICE-001,Combat and return-flow UIs surface the right bark fields at controlled cadence; lines are sourced from existing deterministic state and do not own game logic.,"V2-EMOTION-001, V2-COMBAT-001",Echo Consequence Layer,The player gets useful interpretation without confusing voice with simulation authority.,Foundation,"VOICE-001, VOICE-002",220,VOICE,P1,/Users/jeffreygyamfi/Sites/echoes-vnext/core/echoes/http://ShoutBank.gd; /Users/jeffreygyamfi/Sites/echoes-vnext/core/actors/http://ActorStateMachine.gd; /Users/jeffreygyamfi/Sites/echoes-vnext/core/state/flow/states/sanctum/http://FlowEchoPartyState.gd,"Echoes vNext Working GDD V2: voice should reveal becoming and pressure, not act as fake intelligence theater.",Mostly Locked,Ready,Voice becomes an interpretation layer that exposes real state changes instead of owning simulation logic.,SANCTUM / BOND / VOW / VOICE,Voice,Rewrite,Foundation
Surface active vow pressure during runs and make break or release fallout readable on return to the house.,Sanctum,V2-VOW-002,"Stage or combat UI surfaces active vow demands; break and release outcomes clearly show morale, fear, bond, and economy consequences on return.","V2-VOW-001, V2-EMOTION-001, V2-SANCTUM-001",Echo Consequence Layer,The player can see what a vow is asking and what it cost to keep or break it.,Foundation,VOW-002,190,VOW,P1,/Users/jeffreygyamfi/Sites/echoes-vnext/core/sanctum/http://VowService.gd; /Users/jeffreygyamfi/Sites/echoes-vnext/core/state/flow/states/sanctum/http://FlowVowState.gd,Echoes vNext Working GDD V2: vows should act as doctrine overlays with visible pressure and consequence.,Mostly Locked,Ready,Turn vows from a back-end rule into a readable player-facing pressure source.,SANCTUM / BOND / VOW / VOICE,Vows,Rewrite,Foundation
Carry forward the intel contract rail so discovered stage facts can be stored with reliability and used on later attempts without rebuilding the whole flow.,Realm / Tactical,V2-INTEL-001,Stage intel stores known versus unknown facts with reliability or confidence; withdrawal and failure can still return useful discoveries; snapshots show retained intel.,"V2-DIRECTIVE-001, V2-STAGE-001",Stage Influence Layer,Intel becomes a durable planning seam instead of throwaway flavor.,Alignment,INTEL-001,130,INTEL,P0,/Users/jeffreygyamfi/Sites/echoes-vnext/core/save/http://SaveSchema.gd; /Users/jeffreygyamfi/Sites/echoes-vnext/core/state/flow/states/venture/http://FlowStageMapState.gd,"Echoes vNext Working GDD V2: stage knowledge should reveal progressively, persist, and make failed runs useful.",Locked,Ready,"Preserve the useful old intel idea, but reinterpret it as persistent stage knowledge rather than a detached rumor system.",DIRECTIVE / INTEL / STAGE,Intel,Carryover,Alignment
"Add a return-to-Sanctum consequence pass so every run produces visible house, intel, emotion, vow, and bond fallout before normal hub navigation resumes.",Sanctum,V2-SANCTUM-001,"Every stage return surfaces a compact consequence panel or pulse with economy, emotion, bond, vow, and house-state changes before ordinary Sanctum navigation resumes.","V2-ECONOMY-001, V2-INTEL-001, V2-EMOTION-001",Sanctum Feedback Loop,Runs visibly alter house state even when the player fails or withdraws.,Alignment,SANCTUM-004,150,SANCTUM,P0,/Users/jeffreygyamfi/Sites/echoes-vnext/core/state/flow/states/sanctum/http://FlowSanctumState.gd; /Users/jeffreygyamfi/Sites/echoes-vnext/core/state/flow/states/http://FlowResolveState.gd,Echoes vNext Working GDD V2: post-stage consequences should be visible and feed the house as a living place.,Mostly Locked,Ready,Sanctum return should stop feeling like a silent reset and start feeling like consequence resolution.,SANCTUM / BOND / VOW / VOICE,Sanctum Life,Rewrite,Alignment
Carry forward the lightweight bond/rival graph rail so relationship state can keep driving later V2 wholeness and consequence logic without redesigning the social substrate.,Sanctum,V2-BOND-001,"Bond and rivalry storage remains deterministic, visible, and save-safe; downstream systems can query it cleanly for V2 consequence rules.",None,Echo Consequence Layer,"The repo keeps a reusable relationship substrate for later wholeness, refusal, rescue, and fallout behavior.",Alignment,BOND-001,160,BOND,P1,/Users/jeffreygyamfi/Sites/echoes-vnext/core/sanctum/http://SocialGraphService.gd; /Users/jeffreygyamfi/Sites/echoes-vnext/ui/components/http://BondTierBar.gd,"Echoes vNext Working GDD V2: bonds remain part of person-shaping and Sanctum consequence, even though the old framing needs expansion.",Mostly Locked,Ready,"Preserve the existing bond graph seam as infrastructure, not as the final V2 bond design.",SANCTUM / BOND / VOW / VOICE,Bonds,Carryover,Alignment
"Formalize initiative as opening readiness and route the real behavioral differences through post-initiative consequence logic driven by fear, bonds, vows, and pressure.",Economy / Support,V2-COMBAT-001,"Initiative uses readiness semantics; directives do not directly rewrite turn order; tests cover guard, rescue, hesitation, refusal, and target-choice consequences.","V2-DIRECTIVE-001, V2-EMOTION-001, V2-BOND-002, V2-VOW-002",Stage Influence Layer,Combat behavior expresses V2 pressure without exploding the initiative layer.,Foundation,COMBAT-008,210,COMBAT,P1,/Users/jeffreygyamfi/Sites/echoes-vnext/core/combat/http://CombatState.gd; /Users/jeffreygyamfi/Sites/echoes-vnext/core/actors/http://ActorStateMachine.gd; /Users/jeffreygyamfi/Sites/echoes-vnext/core/state/flow/states/venture/http://FlowEncounterState.gd,Echoes vNext Working GDD V2: initiative is readiness to act under pressure for all actor types.,Locked,Ready,"Keep initiative simple and deterministic, then let pressure systems shape what happens after order is set.",ECONOMY / EMOTION / COMBAT,Combat,Rewrite,Foundation
"Promote bonds from roster flavor to consequence logic so bonded Echoes protect, grieve, hesitate, and recover differently in combat and aftermath.",Sanctum,V2-BOND-002,Bond changes are visible after runs; bonded danger changes action choice or aftermath; rivalry can seed later Sanctum incident hooks.,"V2-BOND-001, V2-EMOTION-001, V2-SANCTUM-001",Echo Consequence Layer,Players can feel that who is connected to whom changes what people do under pressure.,Foundation,BOND-002,170,BOND,P1,/Users/jeffreygyamfi/Sites/echoes-vnext/core/sanctum/http://SocialGraphService.gd; /Users/jeffreygyamfi/Sites/echoes-vnext/core/state/flow/states/sanctum/http://FlowEchoPartyState.gd,"Echoes vNext Working GDD V2: bonds should feed wholeness, risk, refusal, and house consequence.",Mostly Locked,Ready,Make relationship state matter to play outcomes instead of staying mostly decorative.,SANCTUM / BOND / VOW / VOICE,Bonds,New,Foundation
Replace the starter directive surface with Scout Carefully and Seek Signs so early Realm intent matches the V2 foundation cutline.,Realm / Tactical,V2-DIRECTIVE-001,"Both directives are selectable in the current flow, persist through stage context, and produce materially different scouting and survival behavior.",None,Stage Influence Layer,The player can choose a V2-correct opening stance and see distinct run outcomes from that choice.,Alignment,"DIRECTIVE-001, DIRECTIVE-002, DIRECTIVE-003",110,DIRECTIVE,P0,/Users/jeffreygyamfi/Sites/echoes-vnext/core/directives/http://DirectiveService.gd; /Users/jeffreygyamfi/Sites/echoes-vnext/core/state/flow/http://FlowStateMachine.gd,Echoes vNext Working GDD V2: directive foundation uses Scout Carefully and Seek Signs as the opening pair.,Locked,Ready,Reframe early directive choice around the two locked V2 stances without adding a second directive architecture.,DIRECTIVE / INTEL / STAGE,Directives,Rewrite,Alignment
"Reframe early economy cadence so awakening, first summons, stage payouts, withdrawal, and offline Ase recovery match the V2 opening loop.",Economy / Support,V2-ECONOMY-001,First-session cadence feels viable; offline Ase starts only after awakening; failed or partial runs still return meaningful value; surfaces use V2 framing.,None,Economy Cadence,The opening loop has pressure without dead time or fiction drift.,Alignment,"ECONOMY-001, ECONOMY-004, ECONOMY-005",200,ECONOMY,P0,/Users/jeffreygyamfi/Sites/echoes-vnext/core/economy/http://EconomyService.gd; /Users/jeffreygyamfi/Sites/echoes-vnext/core/state/flow/states/sanctum/http://FlowSummonState.gd; /Users/jeffreygyamfi/Sites/echoes-vnext/ui/screens/sanctum/http://SanctumScreen.gd,Echoes vNext Working GDD V2: offline Ase accrual should read as Ase Flame / Sanctum recovery and the opening cadence should stay tense without stalling.,Mostly Locked,Ready,Tune the existing economy rail into V2 fiction and pacing before larger system expansion.,ECONOMY / EMOTION / COMBAT,Economy,Rewrite,Alignment
"Add mythic recognition scaffolding as a fallible multi-step pipeline so Echo, house, and event state can start feeding later recognition moments without hardcoded instant revelation.",Narrative / Content,V2-CONTINUITY-002,Recognition state can advance through partial and uncertain stages; save and snapshot layers can persist that state; no instant all-or-nothing reveal shortcut is required.,"V2-PROG-010, V2-CONTINUITY-001, V2-SANCTUM-004",House Growth Seed,Recognition can be authored later on top of stable fallible-state scaffolding.,Foundation,SANCTUM-009,350,CONTINUITY,P2,/Users/jeffreygyamfi/Sites/echoes-vnext/core/state/flow/states/sanctum/http://FlowSanctumState.gd; /Users/jeffreygyamfi/Sites/echoes-vnext/core/echoes/http://ShoutBank.gd,Echoes vNext Working GDD V2: mythic recognition is multi-step and fallible.,Mostly Locked,Draft,This lays the runtime backbone for later recognition content without pretending the full narrative layer exists yet.,SANCTUM / BOND / VOW / VOICE,Continuity,New,Foundation
Implement the Standing-6 and provisional Standing-9 lattice data model so later progression can promote from the six foundational callings without reopening V2 naming rules.,Echo Progression,V2-PROG-008,"Data definitions exist for Standing-6 and provisional Standing-9 forms, with naming hooks and adjacency validation; no player-facing promotion flow is required yet.",V2-PROG-007,Calling Lattice Bridge,The repo has a stable progression topology beyond Standing-3.,Foundation,PROG-008,270,PROG,P1,/Users/jeffreygyamfi/Sites/echoes-vnext/core/progression/http://CallingService.gd; /Users/jeffreygyamfi/Sites/echoes-vnext/docs/http://calling-reference.md,"Echoes vNext Working GDD V2: Standing-3 / 6 / 9 lattice, Standing-6 names, and provisional Standing-9 naming rules are locked.",Locked,Ready,Add the canonical higher-standing lattice now so future progression work does not invent structure on the fly.,PROG,Callings,New,Foundation
"Implement Sanctum pulse as a real house-state runtime layer so incidents, recovery, routines, and institution behavior can share one living-condition backbone.",Sanctum,V2-SANCTUM-004,"Save and snapshot layers expose pulse state; incidents, recovery, and institution hooks can read or affect it; player-facing Sanctum surfaces can show pulse shifts.","V2-SANCTUM-001, V2-CONTINUITY-001",House Growth Seed,The house has a legible living condition model that other systems can depend on.,Foundation,SANCTUM-006,340,SANCTUM,P1,/Users/jeffreygyamfi/Sites/echoes-vnext/core/state/flow/states/sanctum/http://FlowSanctumState.gd; /Users/jeffreygyamfi/Sites/echoes-vnext/ui/screens/sanctum/http://SanctumScreen.gd,Echoes vNext Working GDD V2: Sanctum pulse is part of the locked progression spine.,Locked,Ready,"Pulse should become the shared house-state model, not just a UI flourish on return.",SANCTUM / BOND / VOW / VOICE,Sanctum Life,New,Foundation
"Add a stage NPC and contact framework so stages can contain neutral, ritual, threatened, and informative actors instead of only enemies and props.",Realm / Tactical,V2-STAGE-003,Stage instances can contain non-enemy contacts with role tags and persistence hooks; generation and save schemas support them; reveal state can expose them progressively.,"V2-STAGE-002, V2-INTEL-001",Stage Influence Layer,"Realm play can include people and contacts, not just threats.",Foundation,INTEL-002,310,STAGE,P1,/Users/jeffreygyamfi/Sites/echoes-vnext/core/realms/http://RealmModel.gd; /Users/jeffreygyamfi/Sites/echoes-vnext/core/state/flow/states/venture/http://FlowEncounterState.gd,"Echoes vNext Working GDD V2: stage, enemy, and NPC framework are part of the locked foundation.",Mostly Locked,Ready,Introduce non-enemy stage actors so intel and objectives have people or presences attached to them.,DIRECTIVE / INTEL / STAGE,Stages,New,Foundation
"Make scouting and failed-run intel carry a sacrifice ripple so information gained under pressure can feed later house, emotion, and roster consequences.",Realm / Tactical,V2-INTEL-002,Scouting and failed runs can attach explicit consequence markers to retained intel; those markers are visible on return and persist into follow-up play.,"V2-INTEL-001, V2-SANCTUM-001",Stage Influence Layer,"Useful information can still come home, but not without felt cost.",Foundation,DIRECTIVE-004,320,INTEL,P1,/Users/jeffreygyamfi/Sites/echoes-vnext/core/directives/http://DirectiveService.gd; /Users/jeffreygyamfi/Sites/echoes-vnext/core/state/flow/states/sanctum/http://FlowSanctumState.gd,"Echoes vNext Working GDD V2: scouting should reveal things, but often through cost, sacrifice, or downstream fallout.",Mostly Locked,Ready,"Intel should arrive with price signals, not as free detached knowledge.",DIRECTIVE / INTEL / STAGE,Intel,New,Foundation
"Push skill families beyond metadata by making prep, loadout, and growth surfaces reason about Ward, Break, Veil, Path, Rite, and Root as first-class runtime families.",Echo Progression,V2-PROG-009,Prep and loadout surfaces can group and filter by family; growth data can reference family progression; validator coverage includes family assignment rules.,V2-PROG-005,Calling and Skill Bridge,The skill system can actually express the V2 family model in play.,Foundation,PROG-009,280,PROG,P1,/Users/jeffreygyamfi/Sites/echoes-vnext/core/progression/http://SkillDefinition.gd; /Users/jeffreygyamfi/Sites/echoes-vnext/core/state/flow/states/venture/http://FlowStageMapState.gd,"Echoes vNext Working GDD V2: skills are organized by family, not isolated per-calling trees.",Locked,Superseded,Superseded duplicate of V2-PROG-009. Canonical card: 339c3d1e-de92-814f-9e7a-cbc13e09cb57.,PROG,Skill Families,Rewrite,Foundation
"Integrate the hidden maturity-expression layer into runtime decision hooks so refusal, composure, readiness, and interpretation stop depending on explicit smartness-era framing.",Echo Progression,V2-PROG-010,"Behavior and presentation hooks use maturity-expression outputs instead of smartness tiers; snapshots and tests cover refusal, composure, and interpretation effects.","V2-PROG-006, V2-EMOTION-001",Person-Shaping Readability,Personhood expression is driven by V2 state rather than legacy competence labels.,Foundation,PROG-010,290,PROG,P1,/Users/jeffreygyamfi/Sites/echoes-vnext/core/actors/http://SmartnessTierService.gd; /Users/jeffreygyamfi/Sites/echoes-vnext/core/actors/behaviors/http://BehaviorArbiter.gd,Echoes vNext Working GDD V2: hidden maturity-expression replaces the old smartness framing.,Mostly Locked,Ready,Replace the old AI-competence read with V2 person-shaping behavior hooks.,PROG,Implementation Alignment,Rewrite,Foundation
"Rewrite stage content generation around the V2 objective taxonomy so stages can support recover, retrieve, protect, endure, pursue, and similar structures beyond combat-first templates.",Realm / Tactical,V2-STAGE-002,Stage generation supports a defined set of V2 objective types with distinct reveal and completion rules; tests cover at least one generated example per objective type.,V2-STAGE-001,Stage Influence Layer,Stages stop collapsing into a single combat-biased template.,Foundation,STAGE-002,300,STAGE,P1,/Users/jeffreygyamfi/Sites/echoes-vnext/core/realms/http://RealmGenerator.gd; /Users/jeffreygyamfi/Sites/echoes-vnext/core/state/flow/states/venture/http://FlowStageMapState.gd,Echoes vNext Working GDD V2: stages should support a broader objective framework than generic combat or shrine completion.,Mostly Locked,Ready,Objective taxonomy is the missing structural step between hidden stages and real V2 Realm play.,DIRECTIVE / INTEL / STAGE,Stages,Rewrite,Foundation
Add the calling adjacency ring and family metadata as canonical runtime data so later Standing-6 and Standing-9 progression can resolve against locked V2 structure instead of ad hoc config.,Echo Progression,V2-PROG-007,Calling config stores families and adjacency relationships; validators cover the ring; runtime can query neighbors and family membership deterministically.,V2-PROG-004,Calling Lattice Bridge,Standing growth can rely on canonical calling topology instead of hand-authored exceptions.,Foundation,PROG-007,260,PROG,P1,/Users/jeffreygyamfi/Sites/echoes-vnext/core/progression/http://CallingService.gd; /Users/jeffreygyamfi/Sites/echoes-vnext/data/balance.json,Echoes vNext Working GDD V2: calling families and adjacency ring are locked backbone decisions.,Locked,Ready,Move calling structure out of loose flavor framing and into runtime-usable canonical data.,PROG,Callings,New,Foundation
"Introduce non-combat encounter roles so stage runtime can resolve omen, contact, obstacle, and ritual pressure states without forcing every node into enemy combat.",Realm / Tactical,V2-STAGE-004,"Encounter runtime supports at least one non-combat resolution path for omen, contact, obstacle, and ritual roles; state transitions remain deterministic.","V2-STAGE-002, V2-STAGE-003",Stage Influence Layer,Not every stage beat has to resolve as a combat scene.,Foundation,COMBAT-009,330,STAGE,P2,/Users/jeffreygyamfi/Sites/echoes-vnext/core/state/flow/states/venture/http://FlowEncounterState.gd; /Users/jeffreygyamfi/Sites/echoes-vnext/core/combat/http://CombatState.gd,Echoes vNext Working GDD V2: stage framework should support more than combat encounters.,Mostly Locked,Draft,This is the runtime layer that lets the broader objective and NPC framework actually show up in play.,DIRECTIVE / INTEL / STAGE,Stages,New,Foundation
"Convert offline Ase into explicit Ase Flame and Sanctum charge recovery rules so accrual timing, recovery gates, and house-state dependence match V2 fiction and runtime behavior.",Economy / Support,V2-ECONOMY-002,Offline recovery depends on Flame awakening and house condition; player-facing surfaces use Ase Flame or charge language; recovery tests cover locked and unlocked states.,"V2-ECONOMY-001, V2-SANCTUM-004",Economy Cadence,"Offline resource recovery behaves like V2 recovery, not legacy idle income with renamed labels.",Foundation,"ECONOMY-002, ECONOMY-003",360,ECONOMY,P1,/Users/jeffreygyamfi/Sites/echoes-vnext/core/economy/http://EconomyAccrualService.gd; /Users/jeffreygyamfi/Sites/echoes-vnext/core/economy/http://EconomyService.gd,Echoes vNext Working GDD V2: offline Ase accrual is now Ase Flame / Sanctum charge recovery.,Locked,Ready,Finish the economy reframe by turning the fiction change into actual runtime rules and gates.,ECONOMY / EMOTION / COMBAT,Economy,Rewrite,Foundation
"Add a stage NPC and contact framework so runs can contain neutral, friendly, ritual, or omen-bearing actors instead of only enemies and passive structures.",Realm / Tactical,V2-STAGE-003,"Stage runtime can represent non-enemy contacts with state, reveal rules, and encounter hooks; save data persists them cleanly; UI can distinguish them from enemies.","V2-STAGE-001, V2-INTEL-001",Stage Influence Layer,"The stage layer can host people and presences, not just threats.",Foundation,None,236,STAGE,P1,/Users/jeffreygyamfi/Sites/echoes-vnext/core/realms/http://RealmGenerator.gd; /Users/jeffreygyamfi/Sites/echoes-vnext/core/state/flow/states/venture/http://FlowStageState.gd,Echoes vNext Working GDD V2: stage/enemy/NPC framework is foundational and should survive lock-on-entry persistence.,Mostly Locked,Ready,Create the actor category seam needed for non-enemy stage presence before content expands.,DIRECTIVE / INTEL / STAGE,Stages,New,Foundation
"Expand the encounter framework so stages can resolve enemies, structures, NPC contacts, and noncombat pressure states under one persistent stage model.",Realm / Tactical,V2-STAGE-004,"Encounter state supports at least combat, contact, structure, and pressure-only resolutions with consistent persistence and logging.","V2-STAGE-002, V2-STAGE-003",Stage Influence Layer,The venture flow can host varied stage events without bolting every new mode onto combat.,Foundation,"COMBAT-007, REALM-004",237,STAGE,P1,/Users/jeffreygyamfi/Sites/echoes-vnext/core/state/flow/states/venture/http://FlowEncounterState.gd; /Users/jeffreygyamfi/Sites/echoes-vnext/core/combat/http://CombatState.gd,Echoes vNext Working GDD V2: stage framework should support more than combat encounters and remain persistent inside the stage spine.,Mostly Locked,Ready,Generalize encounter resolution before later content creates one-off exceptions everywhere.,DIRECTIVE / INTEL / STAGE,Stages,New,Foundation
"Seed mythic recognition as a multi-step, fallible progression scaffold so later recognition content can attach to real runtime state instead of bespoke event scripts.",Echo Progression,V2-PROG-011,"Runtime can store recognition stages, confidence, and failed or partial recognition outcomes; snapshots can surface this without implying final resolution.","V2-PROG-004, V2-CONTINUITY-001, V2-PROG-010",Person-Shaping Readability,Recognition has a real systems spine instead of future ad hoc scripting.,Foundation,None,241,PROG,P2,/Users/jeffreygyamfi/Sites/echoes-vnext/core/progression/http://CallingService.gd; /Users/jeffreygyamfi/Sites/echoes-vnext/core/state/flow/states/sanctum/http://FlowEchoPartyState.gd,"Echoes vNext Working GDD V2: mythic recognition is multi-step and fallible, not a single clean promotion event.",Mostly Locked,Draft,Define the scaffold now even if the content depth lands later.,PROG,Callings,New,Foundation
Implement the locked calling adjacency ring as runtime data so foundational calling recognition and later progression can reason about valid neighboring paths instead of ad hoc compatibility rules.,Echo Progression,V2-PROG-008,Calling config exposes adjacency metadata; runtime queries can ask for neighboring callings deterministically; validation covers broken or asymmetric links.,"V2-PROG-004, V2-PROG-007",Calling Lattice Bridge,The repo no longer relies on loose compatibility math where the ring should be authoritative.,Foundation,PROG-007,232,PROG,P1,/Users/jeffreygyamfi/Sites/echoes-vnext/core/progression/http://CallingService.gd; /Users/jeffreygyamfi/Sites/echoes-vnext/docs/http://calling-reference.md,Echoes vNext Working GDD V2: calling adjacency ring is locked backbone and should anchor lattice progression.,Locked,Ready,"Turn the ring into runtime truth so calling drift, previews, and upgrades all share one canonical path structure.",PROG,Callings,New,Foundation
"Add scouting sacrifice and failed-run ripple rules so scouting, withdrawal, and defeat can trade safety for knowledge and feed real house consequence instead of feeling like soft resets.",Realm / Tactical,V2-INTEL-002,"Scouting and failed-run outcomes can yield retained discoveries plus explicit cost in morale, fear, damage, time, or house fallout; return flow surfaces the trade.","V2-INTEL-001, V2-SANCTUM-001",Stage Influence Layer,Players can deliberately scout or withdraw for information without the game collapsing into free retries.,Foundation,"INTEL-001, DIRECTIVE-003",238,INTEL,P1,/Users/jeffreygyamfi/Sites/echoes-vnext/core/directives/http://DirectiveService.gd; /Users/jeffreygyamfi/Sites/echoes-vnext/core/state/flow/states/venture/http://FlowEncounterState.gd,"Echoes vNext Working GDD V2: failed runs and scouting should remain useful, but with meaningful cost and fallout.",Mostly Locked,Ready,"Make information gain and survival trade against each other in a visible, persistent way.",DIRECTIVE / INTEL / STAGE,Intel,New,Foundation
Turn offline Ase accrual into a stricter Ase Flame and Sanctum charge recovery model so passive recovery follows V2 fiction and house condition instead of only elapsed time.,Economy / Support,V2-ECONOMY-002,"Offline recovery reads as Flame or charge restoration, is gated by awakening and house state, and remains deterministic and save-safe.","V2-ECONOMY-001, V2-SANCTUM-004",Economy Cadence,Passive economy behavior matches V2 fiction instead of old economy shorthand.,Foundation,ECONOMY-004,242,ECONOMY,P1,/Users/jeffreygyamfi/Sites/echoes-vnext/core/economy/http://EconomyAccrualService.gd; /Users/jeffreygyamfi/Sites/echoes-vnext/core/economy/http://EconomyService.gd,"Echoes vNext Working GDD V2: offline Ase accrual is accepted as Ase Flame / Sanctum charge recovery, not generic passive income.",Locked,Ready,Make passive recovery depend on the awakened Flame and the state of the house.,ECONOMY / EMOTION / COMBAT,Economy,Rewrite,Foundation
"Extend the skill-family bridge from metadata into runtime preparation and growth seams so Ward, Break, Veil, Path, Rite, and Root can shape progression without rebuilding combat all at once.",Echo Progression,V2-PROG-009,Preparation and progression surfaces can group and query skills by family; runtime can distinguish family growth hooks; current combat loadout remains compatible.,"V2-PROG-005, V2-PROG-008",Calling and Skill Bridge,"Skill families are a real systems seam, not just documentation metadata.",Foundation,PROG-009,233,PROG,P1,/Users/jeffreygyamfi/Sites/echoes-vnext/core/progression/http://SkillDefinition.gd; /Users/jeffreygyamfi/Sites/echoes-vnext/core/state/flow/states/venture/http://FlowStageMapState.gd,Echoes vNext Working GDD V2: skill families are foundational and should replace isolated per-calling trees.,Locked,Ready,"Move from family labels to actual runtime grouping, slotting, and milestone hooks.",PROG,Skill Families,Rewrite,Foundation
Define explicit objective and stage-pressure semantics across every production combat mode so autonomous actors respond to authored objectives instead of generic skirmish pressure.,Economy / Support,V2-COMBAT-002,"All current production modes—COMBAT, PURIFY_SHRINE, RECOVER, PROTECT, ENDURE, PURSUE, and GUIDE_SPIRIT—publish explicit stage/objective pressure semantics, enemy roles, urgency/custody/route signals, and reason-bearing fixtures without changing each mode's win/loss authority.","V2-STAGE-002, V2-STAGE-004, V2-COMBAT-001",Stage Influence Layer,Every current production combat objective drives distinct enemy and Echo pressure inputs; encounter behavior no longer falls back to generic skirmish targeting.,Foundation,"COMBAT-003, COMBAT-007",243,COMBAT,P1,docs/[combat-modes.md](http://combat-modes.md); core/combat/[CombatState.gd](http://CombatState.gd); core/actors/[ActorStateMachine.gd](http://ActorStateMachine.gd); prototypes/keeper_tactical_guidance/[SPEC.md](http://SPEC.md); prototypes/keeper_tactical_guidance/[FINDINGS.md](http://FINDINGS.md); docs/proposals/[keeper-tactical-guidance-promotion.md](http://keeper-tactical-guidance-promotion.md); docs/proposals/[keeper-tactical-guidance-architecture.md](http://keeper-tactical-guidance-architecture.md),"Echoes vNext Working GDD V2.5 sections 7.3, 11.5, 20.17, and 22.5: objective pressure must be readable input to autonomous Echo judgment and Foundation guidance across the production combat family.",Mostly Locked,Ready,"Give every production objective a deterministic, readable pressure contract that enemy roles and Echo judgment can consume.",ECONOMY / EMOTION / COMBAT,Combat,New,Foundation
"Rewrite the stage objective taxonomy so stages can support recover, retrieve, protect, endure, pursue, and other V2 objective shapes beyond the old combat-shrine bias.",Realm / Tactical,V2-STAGE-002,Stage generation and state can represent multiple objective archetypes with distinct success conditions and reveal hooks; objective state remains persistent and save-safe.,V2-STAGE-001,Stage Influence Layer,Stage content is no longer structurally trapped in combat-first objective patterns.,Foundation,"REALM-003, STAGE-002",235,STAGE,P1,/Users/jeffreygyamfi/Sites/echoes-vnext/core/realms/http://RealmGenerator.gd; /Users/jeffreygyamfi/Sites/echoes-vnext/core/state/flow/states/venture/http://FlowEncounterState.gd,"Echoes vNext Working GDD V2: stage framework should support varied objective structures, not just generic combat resolution.",Mostly Locked,Ready,Broaden the objective grammar before content work hardens around the current narrow loop.,DIRECTIVE / INTEL / STAGE,Stages,New,Foundation
"Integrate the hidden maturity-expression layer into runtime behavior, refusal, composure, and interpretation so the smartness-tier replacement affects play instead of staying a naming change.",Echo Progression,V2-PROG-010,"Runtime can derive refusal, composure, and interpretive voice hooks from maturity-expression state; old smartness-tier assumptions are removed from player-facing logic.","V2-PROG-006, V2-EMOTION-001",Person-Shaping Readability,The replacement layer materially changes behavior and reading of Echoes.,Foundation,"PROG-010, VOICE-001",234,PROG,P1,/Users/jeffreygyamfi/Sites/echoes-vnext/core/actors/http://SmartnessTierService.gd; /Users/jeffreygyamfi/Sites/echoes-vnext/core/actors/behaviors/http://BehaviorArbiter.gd,Echoes vNext Working GDD V2: hidden maturity-expression replaces old smartness framing and should shape interpretation and conduct.,Mostly Locked,Ready,Make maturity-expression a live simulation factor rather than a silent replacement term.,PROG,Emotion,Rewrite,Foundation
"Implement Sanctum pulse as a runtime layer that tracks the living condition of the house and feeds consequence, warnings, and institution readiness beyond the immediate return panel.",Sanctum,V2-SANCTUM-004,"Sanctum state stores pulse values or bands, updates them from run and social consequence, and exposes warnings/readiness hooks to UI and institution systems.","V2-SANCTUM-001, V2-CONTINUITY-001",House Growth Seed,The house has a persistent condition model that future systems can read.,Foundation,"SANCTUM-004, SANCTUM-005",239,SANCTUM,P1,/Users/jeffreygyamfi/Sites/echoes-vnext/core/state/flow/states/sanctum/http://FlowSanctumState.gd; /Users/jeffreygyamfi/Sites/echoes-vnext/ui/screens/sanctum/http://SanctumScreen.gd,Echoes vNext Working GDD V2: Sanctum pulse model is locked backbone and Continuity uses it as the progression spine.,Locked,Superseded,Superseded duplicate of Sanctum pulse runtime. Canonical card: 339c3d1e-de92-810e-bcb4-c71776d816a5.,SANCTUM / BOND / VOW / VOICE,Sanctum Life,New,Foundation
"Add Standing-6 and provisional Standing-9 lattice data, naming hooks, and validation rules so higher-order calling progression can be implemented without reopening the locked V2 structure later.",Echo Progression,V2-PROG-007,"Config and validation support Standing-6 names, Standing-9 placeholders, adjacency references, and naming-rule checks without requiring full content implementation.","V2-PROG-004, V2-MIG-002",Calling Lattice Bridge,Higher-order calling progression has a canonical data seam in the repo and backlog.,Foundation,None,231,PROG,P1,/Users/jeffreygyamfi/Sites/echoes-vnext/core/progression/http://CallingService.gd; /Users/jeffreygyamfi/Sites/echoes-vnext/data/balance.json,"Echoes vNext Working GDD V2: Standing 3 / 6 / 9 lattice, Standing-6 names, and provisional Standing-9 naming rules are locked backbone.",Locked,Ready,Define the data contract now so later implementation does not drift when progression deepens past foundational callings.,PROG,Callings,New,Foundation
"Add inventory circulation rules for recycling, upgrades, and rite offerings so anti-hoarding pressure comes from structure and meaningful decisions rather than decay or silent storage bloat.",Economy / Support,V2-ITEM-004,"Backlog and data contracts explicitly reserve seams for recycling, upgrades, and rite offerings; shared inventory can track the states those flows need; exact values or cap tuning can remain open.","V2-ITEM-001, V2-ECONOMY-002, V2-WEAVE-002",Inventory and Loadout,The inventory foundation already knows how excess gear should circulate back into the economy and rites later.,Foundation,None,247,ECONOMY,P2,/Users/jeffreygyamfi/Sites/echoes-vnext/core/economy/http://EconomyService.gd; /Users/jeffreygyamfi/Sites/echoes-vnext/docs/Echoes vNext Working http://GDD.md,"Echoes vNext Working GDD V2 sections 19.6 and 19.7: anti-hoarding should come from inventory structure, recycling should usually return Ekwan, and items can be offered into rites.",Open,Draft,Preserve the missing inventory-pressure knowledge now so the first inventory implementation does not ossify into a hoarding system with no circulation sinks.,ECONOMY / EMOTION / COMBAT,Economy,New,Foundation
Rewrite stage item and relic discovery so stages can yield meaningful gear or relic rewards into the shared house inventory without reviving the old post-MVP item-drop assumptions wholesale.,Realm / Tactical,V2-ITEM-002,Persistent stage resolution can award item or relic results deterministically; resolve and Sanctum surfaces show what was found; discovered items flow into shared inventory instead of ad hoc reward fields.,"V2-ITEM-001, V2-STAGE-002, V2-STAGE-004",Inventory and Loadout,Stage rewards can include V2-aligned gear and relic outcomes without inventing a separate item pipeline later.,Foundation,"ITEM-001, REALM-005",245,STAGE,P1,/Users/jeffreygyamfi/Sites/echoes-vnext/core/state/flow/states/venture/http://FlowEncounterState.gd; /Users/jeffreygyamfi/Sites/echoes-vnext/ui/screens/venture/http://ResolveScreen.gd,"Echoes vNext Working GDD V2 sections 19.5 and 19.9: items should come from stage and Realm rewards among other sources, with relics mostly found rather than mass-crafted.",Mostly Locked,Ready,"Carry forward the old discovery idea, but align it to V2 cadence, rarity restraint, and shared-inventory handling.",DIRECTIVE / INTEL / STAGE,Stages,Rewrite,Foundation
"Establish a shared house inventory and restrained cap-pressure model so items circulate across the Sanctum without turning Threads, partial recoveries, or Echo identity into generic inventory clutter.",Economy / Support,V2-ITEM-001,"Save and snapshot contracts support a shared inventory list, transferability, and cap-pressure hooks; player-facing surfaces distinguish items from Thread reserve and Realm recovery state; implementation leaves room for tuning exact cap values later.","V2-MIG-002, V2-SANCTUM-001, V2-ECONOMY-001",Inventory and Loadout,The game has a real inventory seam that preserves V2 distinctions instead of absorbing every reward into one bucket.,Foundation,ITEM-001,244,SANCTUM,P1,/Users/jeffreygyamfi/Sites/echoes-vnext/core/save/http://SaveSchema.gd; /Users/jeffreygyamfi/Sites/echoes-vnext/core/save/http://SaveService.gd; /Users/jeffreygyamfi/Sites/echoes-vnext/ui/screens/sanctum/http://SanctumScreen.gd,"Echoes vNext Working GDD V2 sections 14.2, 19.5, 19.7, and 21.1: partial recoveries are not inventory items; anti-hoarding should come from structure and circulation; early inventory pressure matters.",Open,Ready,"Create the core inventory substrate as a shared house resource with cap-pressure hooks, while explicitly excluding Realm recovery fragments and Threads-in-progress from normal item storage.",ECONOMY / EMOTION / COMBAT,Economy,New,Foundation
"Implement a restrained Echo equipment and loadout model around weapon, charm, armor or clothes, and relic or consumable so item play sharpens expression without turning into a paper-doll puzzle.",Echo Progression,V2-ITEM-003,Echo loadout data supports the four-slot model or a clear reduced foundation subset; equipment assignment is save-safe; prep and party surfaces can assign and display loadouts; runtime can query loadout influence without hard-locking calling fit.,"V2-ITEM-001, V2-ITEM-002, V2-PROG-009",Inventory and Loadout,Items can shape Echo expression and readiness without forcing a heavy equipment sim.,Foundation,ITEM-002,246,PROG,P1,/Users/jeffreygyamfi/Sites/echoes-vnext/core/progression/http://SkillDefinition.gd; /Users/jeffreygyamfi/Sites/echoes-vnext/core/actors/behaviors/http://BehaviorArbiter.gd; /Users/jeffreygyamfi/Sites/echoes-vnext/core/state/flow/states/sanctum/http://FlowEchoPartyState.gd,"Echoes vNext Working GDD V2 sections 19.3 and 19.4: restrained slot model is weapon, charm, armor or clothes, and relic or consumable; item fit should be soft and expressive.",Mostly Locked,Ready,Rewrite the old equipment-slot story against the V2 loadout philosophy so gear changes action profile and expression more than raw power.,PROG,Skill Families,Rewrite,Foundation
"Add the simple crafting and Sanctum project baseline so the foundation build has a first crafted item, a first project seam, and the V2 item plus Ekwan plus Ase economy contract.",Economy / Support,V2-ECONOMY-003,"Backlog and data seams support a first simple crafted item, a first project state, and clear crafting costs tied to Ekwan and Ase; later recipe breadth can remain open.","V2-ITEM-001, V2-ITEM-003, V2-ECONOMY-002, V2-CONTINUITY-001",Inventory and Loadout,"The foundation build can express early making and upgrading, not only finding and equipping.",Foundation,None,249.1,ECONOMY,P1,/Users/jeffreygyamfi/Sites/echoes-vnext/core/economy/http://EconomyService.gd; /Users/jeffreygyamfi/Sites/echoes-vnext/ui/screens/sanctum/http://SanctumScreen.gd,"Echoes vNext Working GDD V2 sections 19.5, 19.6, and 20 foundation targets: simple early crafting should be present; crafting usually costs item plus Ekwan plus Ase; Sanctum projects are an early item source.",Open,Ready,Preserve the missing crafting knowledge now so the foundation does not ship with inventory and no meaningful item circulation or creation loop.,ECONOMY / EMOTION / COMBAT,Economy,New,Foundation
"Build the Sanctum incident and routine framework so pulse, bonds, vows, institutions, and Realm pressure can generate surfaced house events instead of leaving the house mostly silent between runs.",Sanctum,V2-SANCTUM-005,"Sanctum runtime can queue, persist, and surface lightweight incidents or routine beats driven by house state, bonds, vows, institution state, and recent Realm outcomes; the system remains deterministic and save-safe.","V2-SANCTUM-004, V2-BOND-002, V2-VOW-002, V2-CONTINUITY-001",House Growth Seed,The Sanctum starts behaving like a living house rather than only a navigation hub.,Foundation,"SANCTUM-006, SANCTUM-007, SANCTUM-008, SANCTUM-009",248,SANCTUM,P1,/Users/jeffreygyamfi/Sites/echoes-vnext/core/state/flow/states/sanctum/http://FlowSanctumState.gd; /Users/jeffreygyamfi/Sites/echoes-vnext/ui/screens/sanctum/http://SanctumScreen.gd,"Echoes vNext Working GDD V2 sections 18.10, 21.2, and 20 foundation targets: the Sanctum should use spatial visualization, ambient incidents, and lightweight routine presentation, with stronger incident expression as the house deepens.",Open,Ready,Create the house-event seam that turns pulse and social state into visible incidents and routine texture.,SANCTUM / BOND / VOW / VOICE,Sanctum Life,New,Foundation
"Introduce the first assignable jobs and office logic so Echoes can hold house responsibilities that shift pulse, incident pressure, and role identity before the full institution tree opens.",Sanctum,V2-SANCTUM-006,"At least the early office or job assignments for the opening institutions can be stored, surfaced, and read by pulse and incident systems; assignments are save-safe and visible in Sanctum management flows.","V2-SANCTUM-002, V2-SANCTUM-004, V2-CONTINUITY-001",House Growth Seed,House role assignment becomes part of the player’s steering layer in the foundation build.,Foundation,SANCTUM-003,249,SANCTUM,P1,/Users/jeffreygyamfi/Sites/echoes-vnext/ui/screens/sanctum/http://EchoPartyScreen.gd; /Users/jeffreygyamfi/Sites/echoes-vnext/ui/screens/sanctum/EchoPartyScreen.tscn,"Echoes vNext Working GDD V2 sections 18.10, 20 foundation targets, and 21.2: assignable jobs and responsibilities should shape the house and read through Sanctum pulses, with only early offices available at first.",Mostly Locked,Ready,Use the existing UI seam for jobs to make house responsibility a live system instead of a disabled affordance.,SANCTUM / BOND / VOW / VOICE,Sanctum Life,New,Foundation
Preserve the death-formed relic and remembrance scaffold so Echo death can eventually produce special house-memory artifacts without collapsing relics into ordinary loot or losing the V2 remembrance thread.,Narrative / Content,V2-ITEM-005,The backlog and data model reserve a clean seam for special death-formed relic outcomes and house remembrance surfaces without forcing final content rules yet.,"V2-ITEM-002, V2-SANCTUM-005, V2-PROG-011",Inventory and Loadout,The project cannot accidentally forget the remembrance role of relics while implementing ordinary inventory and rewards.,Foundation,ITEM-001,249.2,SANCTUM,P2,/Users/jeffreygyamfi/Sites/echoes-vnext/core/actors/http://ActorSchema.gd; /Users/jeffreygyamfi/Sites/echoes-vnext/core/state/flow/states/venture/http://FlowEncounterState.gd,"Echoes vNext Working GDD V2 sections 19.9 and 21.1: some relics can form from Echo death under specific conditions, and they should be a special remembrance category rather than the primary relic economy.",Open,Draft,Keep the remembrance and relic-formation knowledge in the foundation backlog even if exact conditions stay open for later tuning.,SANCTUM / BOND / VOW / VOICE,Sanctum Life,New,Foundation
Define how directives and scouting stances modify behavior across different Echo profiles so the same stance does not flatten everyone into the same tactical response.,Realm / Tactical,V2-DIRECTIVE-002,Directive stance data can vary behavior impact by Echo profile or state; tests cover at least contrasting profile outcomes under the same directive.,"V2-DIRECTIVE-001, V2-PROG-010, V2-COMBAT-003",Stage Influence Layer,Directive choice remains a player-influence tool rather than a single flat buff or flag.,Foundation,DIRECTIVE-002,254,DIRECTIVE,P1,core/directives/[DirectiveService.gd](http://DirectiveService.gd); core/actors/behaviors/[BehaviorArbiter.gd](http://BehaviorArbiter.gd); docs/proposals/[keeper-tactical-guidance-promotion.md](http://keeper-tactical-guidance-promotion.md); docs/proposals/[keeper-tactical-guidance-architecture.md](http://keeper-tactical-guidance-architecture.md),"Echoes vNext Working GDD V2.5 sections 11.5, 20.17, and 21.3: persistent Directives must remain broad party intent and produce different behavior across Echo profiles; temporary Keeper guidance layers onto, rather than replaces, that intent.",Open,Ready,Keep directive influence expressive by tying it to who the Echo already is.,DIRECTIVE / INTEL / STAGE,Directives,New,Foundation
"Define hidden autonomy and maturity-expression weighting so interpretation, hesitation, objection, refusal, and self-assertion remain coherent without turning Standing into obedience.",Echo Progression,V2-PROG-012,"Runtime has named tuning seams for autonomy and maturity thresholds, with logging or snapshot visibility sufficient to explain interpretation, hesitation, objection, and refusal without exposing raw hidden weights or treating higher Standing as obedience.","V2-PROG-010, V2-EMOTION-001",Person-Shaping Readability,"Autonomy and temporary-guidance responses can be tuned coherently instead of through scattered behavior adjustments; higher Standing produces clearer judgment and self-assertion, not greater compliance.",Foundation,PROG-010,251,PROG,P1,core/actors/behaviors/[BehaviorArbiter.gd](http://BehaviorArbiter.gd); core/actors/[SmartnessTierService.gd](http://SmartnessTierService.gd); prototypes/keeper_tactical_guidance/[FINDINGS.md](http://FINDINGS.md); docs/proposals/[keeper-tactical-guidance-promotion.md](http://keeper-tactical-guidance-promotion.md); docs/proposals/[keeper-tactical-guidance-architecture.md](http://keeper-tactical-guidance-architecture.md),"Echoes vNext Working GDD V2.5 sections 11.5, 20.17, and 21.3: autonomy and maturity shape event-local interpretation and refusal; higher Standing never means increased obedience.",Open,Draft,"Make autonomy and maturity explicit tuning inputs for reason-bearing behavior while preserving higher Standing as stronger self-command, not compliance.",PROG,Emotion,New,Foundation
"Define Thread reserve cap, expansion cadence, and overflow UX so reserve pressure is meaningful without collapsing into abrupt punishment or invisible waste.",Echo Progression,V2-WEAVE-003,"Backlog and data seams represent reserve cap, expansion hooks, and overflow handling; exact numbers may stay tunable but the runtime model is explicit.","V2-WEAVE-001, V2-WEAVE-002, V2-MIG-002",Reduced Weave Foundation,Thread reserve has a clear structure and overflow behavior before broader Weave depth lands.,Foundation,None,255,WEAVE,P2,/Users/jeffreygyamfi/Sites/echoes-vnext/docs/Echoes vNext Working http://GDD.md,"Echoes vNext Working GDD V2 section 21.4: reserve cap numbers, expansion cadence, and overflow UX remain open.",Open,Draft,Preserve reserve-pressure knowledge now so Thread storage does not become arbitrary or invisible later.,WEAVE,Threads,New,Foundation
Define fallout rules and severity bands for contested non-chosen Echoes so foundational Weave outcomes can carry person-shaping consequence without requiring full contested rite depth yet.,Echo Progression,V2-WEAVE-005,"Backlog and runtime planning define at least light, moderate, and severe fallout hooks for non-chosen Echoes affected by rite pressure; exact tables can remain tunable.","V2-WEAVE-002, V2-PROG-012",Reduced Weave Foundation,The foundation rite layer already knows how non-chosen Echoes can be affected.,Foundation,None,257,WEAVE,P2,/Users/jeffreygyamfi/Sites/echoes-vnext/docs/Echoes vNext Working http://GDD.md,Echoes vNext Working GDD V2 section 21.4: fallout tables and severity rules for contested non-chosen Echoes remain open.,Open,Draft,Preserve the contested-fallout knowledge as a bounded foundation seam instead of losing it until post-foundation rite expansion.,WEAVE,Rite,New,Foundation
Define the first jobs and passive institution-scaling rules so early institutions can do more than unlock visually and instead start affecting house behavior and recovery.,Sanctum,V2-SANCTUM-006,"The first job slots and passive effects are represented in data and backlog contracts, with clear hooks into pulse, recovery, and party support; exact values can remain tunable.","V2-SANCTUM-002, V2-SANCTUM-004, V2-SANCTUM-005",House Growth Seed,Early institutions have a real gameplay role beyond presence and flavor.,Foundation,SANCTUM-BLD-003,249,SANCTUM,P2,/Users/jeffreygyamfi/Sites/echoes-vnext/ui/shells/http://SanctumShell.gd; /Users/jeffreygyamfi/Sites/echoes-vnext/ui/screens/sanctum/http://SanctumScreen.gd,"Echoes vNext Working GDD V2 section 21.2: first-institution passives, jobs, and scaling rules remain open and need explicit definition.",Open,Superseded,Preserve the missing jobs and passive-value knowledge before institutions harden as empty unlocks.,SANCTUM / BOND / VOW / VOICE,Sanctum Life,New,Foundation
"Add a Sanctum incidents and routines framework so the house can surface small autonomous events, warnings, and social pressure between runs instead of staying a static menu shell.",Sanctum,V2-SANCTUM-005,"Sanctum runtime can schedule or surface incidents and routine pressure from pulse, bonds, vows, and recent Realm consequence; UI has a deterministic warning surface for them.","V2-SANCTUM-004, V2-BOND-002, V2-VOW-002",House Growth Seed,The house begins to feel like it has ongoing life between ventures.,Foundation,"SANCTUM-006, SANCTUM-007, SANCTUM-008, SANCTUM-009",248,SANCTUM,P1,/Users/jeffreygyamfi/Sites/echoes-vnext/core/state/flow/states/sanctum/http://FlowSanctumState.gd; /Users/jeffreygyamfi/Sites/echoes-vnext/ui/screens/sanctum/http://SanctumScreen.gd,"Echoes vNext Working GDD V2 sections 21.2 and 22.3: Sanctum should evolve as a socially pressurized house, not just a functional hub.",Open,Superseded,Superseded duplicate of V2-SANCTUM-005. Canonical card: 339c3d1e-de92-817a-96ee-f761cc5f2e15.,SANCTUM / BOND / VOW / VOICE,Sanctum Life,New,Foundation
"Add pre-run warning language for party incoherence, overcommitment, and likely refusal so the player can read risk before entering a stage instead of learning only from failure.",Narrative / Content,V2-VOICE-002,Party prep surfaces clear warnings or caution language tied to real runtime signals; warnings stay interpretive and do not dump hidden formulas.,"V2-PROG-012, V2-EMOTION-001, V2-VOICE-001",Person-Shaping Readability,The player can recognize unstable party composition before entering a dangerous stage.,Foundation,VOICE-002,252,VOICE,P1,/Users/jeffreygyamfi/Sites/echoes-vnext/core/state/flow/states/sanctum/http://FlowEchoPartyState.gd; /Users/jeffreygyamfi/Sites/echoes-vnext/core/echoes/http://ShoutBank.gd,Echoes vNext Working GDD V2 section 21.3: pre-run warning language for incoherence and likely refusal is still open and needed for readable influence.,Open,Ready,"Let the player see unstable party pressure before commitment, not just after things go wrong.",SANCTUM / BOND / VOW / VOICE,Voice,New,Foundation
Define death-formed relic conditions so remembrance items can exist as meaningful consequences without turning every death into a generic loot drop.,Sanctum,V2-ITEM-006,"Backlog and runtime planning define when a death can form a relic, what kind of conditions matter, and how it surfaces in resolve or Sanctum return; exact probabilities can remain tunable.","V2-ITEM-001, V2-ITEM-002, V2-SANCTUM-001",Inventory and Loadout,Death relics can exist as meaningful remembrance consequences without muddying ordinary item rewards.,Foundation,ITEM-001,260,SANCTUM,P2,/Users/jeffreygyamfi/Sites/echoes-vnext/core/state/flow/states/venture/http://FlowEncounterState.gd; /Users/jeffreygyamfi/Sites/echoes-vnext/ui/screens/venture/http://ResolveScreen.gd,Echoes vNext Working GDD V2 sections 19.9 and 21.1: death-formed relic conditions remain open and should be tied to remembrance rather than ordinary loot.,Open,Draft,Preserve the death-relic knowledge now so later memorialization and item systems have a clear foundation seam.,SANCTUM / BOND / VOW / VOICE,Sanctum Life,New,Foundation
"Define the six visible Continuity bands, milestone thresholds, and candidate-surfacing weights so Continuity can behave like a real progression spine instead of a vague progress bar.",Sanctum,V2-CONTINUITY-002,"Continuity data supports six visible bands, candidate unlock hooks, and blocker-weight logic; exact numeric thresholds can remain tunable but the model is explicit.","V2-CONTINUITY-001, V2-SANCTUM-004",House Growth Seed,Continuity can drive institution and house growth coherently instead of acting as generic progress.,Foundation,SANCTUM-005,258,CONTINUITY,P1,/Users/jeffreygyamfi/Sites/echoes-vnext/ui/screens/sanctum/http://SanctumScreen.gd; /Users/jeffreygyamfi/Sites/echoes-vnext/docs/Echoes vNext Working http://GDD.md,"Echoes vNext Working GDD V2 sections 21.5 and 22.3: exact Continuity bands, candidate mapping, and weighting remain open but are core to the progression spine.",Open,Draft,Lock the milestone and candidate-surfacing structure before more institution content depends on it.,SANCTUM / BOND / VOW / VOICE,Continuity,New,Foundation
"Formalize one deterministic behavior-arbitration and explanation seam for Directive, temporary Keeper guidance, identity, emotion, danger, hazards, and objective pressure.",Economy / Support,V2-COMBAT-003,"Behavior arbitration consumes Directive, temporary Keeper guidance, Calling, fear, morale, bonds, Standing, maturity expression, current danger, hazard exposure, and COMBAT-002 objective pressure through one deterministic seam; structured results expose the chosen action and a clear primary reason without creating an obedience score.","V2-COMBAT-001, V2-COMBAT-002, V2-BOND-002, V2-VOW-002, V2-PROG-012",Stage Influence Layer,"Behavior conflicts and temporary-guidance responses are reproducible, testable, and explainable; no adjacent system silently overrides another or bypasses Echo identity.",Foundation,COMBAT-008,253,COMBAT,P1,core/actors/behaviors/[BehaviorArbiter.gd](http://BehaviorArbiter.gd); core/actors/[ActorStateMachine.gd](http://ActorStateMachine.gd); core/combat/[CombatState.gd](http://CombatState.gd); core/directives/[DirectiveService.gd](http://DirectiveService.gd); docs/[combat-modes.md](http://combat-modes.md); prototypes/keeper_tactical_guidance/[SPEC.md](http://SPEC.md); prototypes/keeper_tactical_guidance/[FINDINGS.md](http://FINDINGS.md); docs/proposals/[keeper-tactical-guidance-promotion.md](http://keeper-tactical-guidance-promotion.md); docs/proposals/[keeper-tactical-guidance-architecture.md](http://keeper-tactical-guidance-architecture.md),"Echoes vNext Working GDD V2.5 sections 7.3, 11.5, 20.17, and 21.3: Directive and temporary Keeper guidance must resolve with identity, emotion, danger, hazards, and objective pressure through one deterministic, reason-bearing behavior authority.",Open,Ready,"Resolve every major combat influence through one testable authority that explains why an Echo aligned, interpreted, hesitated, objected, refused, or chose another action.",ECONOMY / EMOTION / COMBAT,Combat,New,Foundation
"Create a stable clue vocabulary for rite fit, readiness, and strain so the first Weaving Rite surfaces legible signals instead of opaque success or failure feels.",Echo Progression,V2-WEAVE-004,"Rite-facing UI and snapshot surfaces use a bounded clue vocabulary for fit, readiness, and strain; language stays consistent across acceptance, deferral, and rejection outcomes.",V2-WEAVE-002,Reduced Weave Foundation,Rite surfacing is readable enough to teach the player what is happening without exposing raw hidden scores.,Foundation,None,256,WEAVE,P1,/Users/jeffreygyamfi/Sites/echoes-vnext/ui/overlays/http://RankUpOverlay.gd; /Users/jeffreygyamfi/Sites/echoes-vnext/docs/Echoes vNext Working http://GDD.md,"Echoes vNext Working GDD V2 section 21.4: stable clue vocabulary for rite fit, readiness, and strain remains open and needed for surfacing.",Open,Ready,Define the readable language layer for foundation rite invitations and outcomes.,WEAVE,Rite,New,Foundation
"Define the restrained rarity ladder and item-grade spread so early inventory pressure, stage drops, crafting, and relic identity can share one coherent item economy.",Economy / Support,V2-ITEM-005,"Backlog and data contracts define a bounded grade ladder and the intended spread between low-tier gear, meaningful gear, and rare relics; exact drop rates can remain tunable.","V2-ITEM-001, V2-ITEM-002, V2-ECONOMY-001",Inventory and Loadout,Item reward cadence has a coherent grade structure before content scale-up.,Foundation,ITEM-001,259,ECONOMY,P2,/Users/jeffreygyamfi/Sites/echoes-vnext/data/balance.json; /Users/jeffreygyamfi/Sites/echoes-vnext/docs/Echoes vNext Working http://GDD.md,"Echoes vNext Working GDD V2 sections 19.5, 19.6, and 21.1: rarity ladder and item-grade spread remain open but should stay restrained.",Open,Draft,Preserve the item-grade knowledge now so rewards and crafting do not drift into noisy loot inflation.,ECONOMY / EMOTION / COMBAT,Economy,New,Foundation
"Define the foundation Ekwan loop so material and build capacity stays distinct from Ase and can power crafting, projects, rooms, and prep without reading as generic gold.",Economy / Support,V2-ECONOMY-004,"The backlog and data seams clearly separate Ekwan from Ase in costs, rewards, and project use; early crafting and project stories can depend on that split directly.","V2-ECONOMY-001, V2-ECONOMY-003, V2-ITEM-001",Economy Cadence,Foundation economy supports building and making with the intended two-resource split.,Foundation,ECONOMY-001,264,ECONOMY,P1,/Users/jeffreygyamfi/Sites/echoes-vnext/core/economy/http://EconomyService.gd; /Users/jeffreygyamfi/Sites/echoes-vnext/core/economy/http://EconomyAccrualService.gd,Echoes vNext Working GDD V2 sections 19.6 and 21.1: Ekwan pays material and build cost while Ase pays shaping or attunement cost.,Mostly Locked,Ready,Make the material economy explicit so crafting and project work do not collapse into a single-currency shorthand.,ECONOMY / EMOTION / COMBAT,Economy,New,Foundation
"Add a single pre-stage readiness surface that synthesizes directive choice, known intel, party prep, loadout, and current fear or morale risk into one legible go or wait decision before commitment.",Foundation / Migration,V2-INFRA-004,"The player sees one concise readiness surface that combines directive, intel, prep, loadout, and emotional risk; it is snapshot-driven and does not expose noisy internals.","V2-DIRECTIVE-001, V2-INTEL-001, V2-PROG-005, V2-ITEM-003, V2-EMOTION-001",Foundation Proof Spine,Stage entry becomes a legible Keeper decision instead of a blind button press.,Foundation,None,261,INFRA,P1,core/state/flow/states/venture/[FlowStageMapState.gd](http://FlowStageMapState.gd); ui/screens/venture/[StageMapScreen.gd](http://StageMapScreen.gd); prototypes/keeper_tactical_guidance/[FINDINGS.md](http://FINDINGS.md); docs/proposals/[keeper-tactical-guidance-promotion.md](http://keeper-tactical-guidance-promotion.md); docs/proposals/[keeper-tactical-guidance-architecture.md](http://keeper-tactical-guidance-architecture.md),"Echoes vNext Working GDD V2.5 sections 20.17 and 23.1: pre-stage readiness must synthesize known intel, Directive, party state, loadout, and emotional risk while tactical deployment retains one visible party representation and one Echo-selection path.",Mostly Locked,Ready,Go beyond isolated warnings and give the player one integrated readiness read before commitment.,INFRA / MIGRATION,Implementation Alignment,New,Foundation
"Implement the minimum foundation death-ripple package so any permadeath always removes the Echo, applies morale and fear fallout, triggers bond or grief consequences, and can seed a Sanctum incident before rarer branches.",Foundation / Migration,V2-INFRA-005,"Any permadeath removes the Echo from roster state, applies emotion fallout, moves bond or grief consequence, and can trigger a follow-up Sanctum incident or warning; the result is visible in return flow.","V2-BOND-002, V2-EMOTION-001, V2-SANCTUM-005, V2-ITEM-005",Foundation Proof Spine,Foundation permadeath is never emotionally or systemically silent.,Foundation,"BOND-002, SANCTUM-004",262,INFRA,P0,/Users/jeffreygyamfi/Sites/echoes-vnext/core/state/flow/states/venture/http://FlowEncounterState.gd; /Users/jeffreygyamfi/Sites/echoes-vnext/core/state/flow/states/sanctum/http://FlowSanctumState.gd,"Echoes vNext Working GDD V2 sections 20.17 and 23.1: loss, fear, morale, bond fallout, and Sanctum consequence must be real in the foundation.",Locked,Ready,Make death always carry a reliable baseline consequence package before rare memorial branches or specialized reactions.,INFRA / MIGRATION,Implementation Alignment,New,Foundation
"Add the late-foundation institution unlock wave so Council Hall, Smith or Crafter, and Old Great Tree plus their paired offices or jobs can enter play after Hearth and Training Grounds without breaking the pulse and Continuity spine.",Sanctum,V2-SANCTUM-007,"Backlog and data seams explicitly cover Council Hall, Smith or Crafter, and Old Great Tree plus their paired offices or jobs as foundation unlocks after the opening pair.","V2-CONTINUITY-001, V2-SANCTUM-005, V2-SANCTUM-006, V2-SANCTUM-002",House Growth Seed,"The foundation backlog still contains the full five-institution house target, not only the opening two.",Foundation,"SANCTUM-BLD-002, SANCTUM-BLD-003",263,SANCTUM,P2,/Users/jeffreygyamfi/Sites/echoes-vnext/ui/sanctum/http://SanctumSpatialRenderer.gd; /Users/jeffreygyamfi/Sites/echoes-vnext/ui/screens/sanctum/http://SanctumScreen.gd,"Echoes vNext Working GDD V2 sections 20.17 and 21.2: full foundation scope includes all five institutions and corresponding offices or jobs, with only the first two opening early.",Mostly Locked,Draft,Preserve the broader institution set as part of foundation scope instead of treating it as post-foundation by accident.,SANCTUM / BOND / VOW / VOICE,Sanctum Life,New,Foundation
"Implement the locked first-session proof spine from dormant Sanctum through awakening, second summon, fixed opening Realm, first real hidden-info stage, and return-to-Sanctum consequence handoff so the foundation cutline has one coherent playable arc.",Foundation / Migration,V2-INFRA-003,The opening flow has a single documented and implementable spine from awakening through first real post-starter stage and return fallout; dependencies across the involved states are explicit and testable.,"V2-ECONOMY-001, V2-DIRECTIVE-001, V2-STAGE-001, V2-INTEL-001, V2-WEAVE-001, V2-SANCTUM-001",Foundation Proof Spine,Foundation implementation can target one coherent proof arc rather than a bag of disconnected systems.,Foundation,"MVP-001, SANCTUM-001, REALM-001",260,INFRA,P0,/Users/jeffreygyamfi/Sites/echoes-vnext/core/state/flow/http://FlowStateMachine.gd; /Users/jeffreygyamfi/Sites/echoes-vnext/core/state/flow/states/sanctum; /Users/jeffreygyamfi/Sites/echoes-vnext/core/state/flow/states/venture,Echoes vNext Working GDD V2 sections 20.14-20.17 and 22.4: the foundation cutline should prove the fantasy through one coherent early playable spine.,Locked,Ready,Preserve the opening-sequence knowledge as one implementation story instead of leaving it scattered across many lower-level tasks.,INFRA / MIGRATION,Implementation Alignment,New,Foundation
"Add deployment-cost tuning, departure pressure, and multi-mythic strain so mythic Echoes reshape house decisions instead of becoming unrestricted apex units.",Sanctum,V2-SANCTUM-013,"Mythic use is gated by deployment cost or departure pressure, multiple mythics create strain by default, and the house responds to those pressures in visible ways.","V2-PROG-015, V2-CONTINUITY-003, V2-SANCTUM-009",Mythic Progression,"Mythic Echoes feel weighty and socially disruptive, not merely stronger.",Full Game,None,540,SANCTUM,P1,/Users/jeffreygyamfi/Sites/echoes-vnext/docs/Echoes vNext Working http://GDD.md,"Echoes vNext Working GDD V2 sections 11.8 and 21.6: mythic Echoes should create deployment cost, departure pressure, and multi-mythic strain.",Open,Draft,Complete mythic house pressure so high-end progression changes the whole run structure.,SANCTUM / BOND / VOW / VOICE,Continuity,New,Full Game
"Add claimed and named gear events so transferable equipment can still accumulate attachment, identity texture, and small emotional effects over time.",Economy / Support,V2-ITEM-008,"Gear can become claimed or named through events, carry modest emotional or identity effects, and still remain compatible with shared-inventory logic.","V2-ITEM-003, V2-ITEM-004",Inventory and Loadout,"Items support attachment and memory, not only stats and slots.",Post-Foundation,None,510,ECONOMY,P2,/Users/jeffreygyamfi/Sites/echoes-vnext/docs/Echoes vNext Working http://GDD.md,Echoes vNext Working GDD V2 section 19.8: gear should stay transferable by default but can become claimed or named through choice events.,Open,Superseded,Add light attachment without locking inventory into hard ownership too early.,ECONOMY / EMOTION / COMBAT,Economy,New,Expansion
"Implement the Standing-6 milestone layer so second calling growth, family drift, and personalized progression can move beyond foundational recognition into real mid-game identity change.",Echo Progression,V2-PROG-012,"Standing-6 callings can be earned, surfaced, and persisted; growth reflects calling family drift and prior identity shaping rather than a flat upgrade.","V2-PROG-007, V2-PROG-008, V2-PROG-009",Calling Lattice Bridge,"Mid-game calling progression feels like the next stage of becoming, not just a bigger rank.",Post-Foundation,PROG-008,410,PROG,P1,/Users/jeffreygyamfi/Sites/echoes-vnext/core/progression/http://CallingService.gd; /Users/jeffreygyamfi/Sites/echoes-vnext/docs/http://calling-reference.md,"Echoes vNext Working GDD V2: second and third calling milestones are later expansion, with Standing-6 names already locked.",Mostly Locked,Draft,Turn the mid-tier calling lattice from data support into real progression play.,PROG,Callings,New,Expansion
"Let mythic Echoes reshape house culture, rites, offices, and future Echo expectations so they become living reference points inside the Sanctum rather than capped endgame trophies.",Sanctum,V2-SANCTUM-014,"Mythic Echoes can bend house culture, open rite or office variants, and affect future Echo shaping or institution behavior in distinct ways.","V2-PROG-015, V2-SANCTUM-013",Mythic Progression,The house remembers and changes around its mythics.,Full Game,None,550,SANCTUM,P2,/Users/jeffreygyamfi/Sites/echoes-vnext/docs/Echoes vNext Working http://GDD.md,"Echoes vNext Working GDD V2 sections 11.8 and 16.12: mythic Echoes should reshape house custom, rites, offices, and future life.",Open,Draft,Complete the mythic social endgame so mythics transform the house instead of ending the story.,SANCTUM / BOND / VOW / VOICE,Continuity,New,Full Game
"Implement the full contested Weaving Rite depth with Partially Integrate, Distort, and remedy hooks so Weaving can create unstable, incomplete, and dangerous outcomes beyond Accept, Reject, and Defer.",Echo Progression,V2-WEAVE-006,"Rite resolution can produce partial integration and distortion states with aftermath, visibility rules, and remedy hooks; non-chosen fallout integrates with those outcomes.","V2-WEAVE-002, V2-WEAVE-004, V2-PROG-013",Weave Expansion,"Weaving supports unstable and incomplete story recovery, not only clean acceptance or rejection.",Post-Foundation,VOW-003,430,WEAVE,P1,/Users/jeffreygyamfi/Sites/echoes-vnext/docs/Echoes vNext Working http://GDD.md,"Echoes vNext Working GDD V2 sections 14 and 22.5: contested rite depth remains real future structure, not removed conceptually.",Mostly Locked,Draft,Add the rest of the Rite outcome language once the reduced foundation loop is stable.,WEAVE,Rite,New,Expansion
"Build the remembrance and memorial layer so death relics, named artifacts, and house memory displays can preserve lost Echoes without turning death into a reward economy.",Sanctum,V2-ITEM-009,"The house can preserve remembrance artifacts, memorial displays, or equivalent memory surfaces tied to loss and named items; death remains weighty rather than lucrative.","V2-ITEM-005, V2-ITEM-008, V2-INFRA-005",Inventory and Loadout,"Loss leaves memory and culture behind, not only absence.",Full Game,ITEM-001,570,SANCTUM,P2,/Users/jeffreygyamfi/Sites/echoes-vnext/docs/Echoes vNext Working http://GDD.md,Echoes vNext Working GDD V2: remembrance artifacts and death-formed relics should preserve house memory without making death economically desirable.,Open,Draft,Complete the house-memory side of item and relic systems for the full game.,SANCTUM / BOND / VOW / VOICE,Sanctum Life,New,Full Game
"Add higher summon tiers and wider summon complexity so later-house play can shape broader Echo arrival patterns, rarity, and summoning pressure beyond the foundation summon loop.",Sanctum,V2-SANCTUM-012,"Summoning supports later-house complexity in tiers, conditions, or arrival patterns while preserving the fiction of calling Echoes into the house.","V2-INFRA-003, V2-CONTINUITY-003",Sanctum Social Expansion,Summoning grows into a broader long-run system instead of remaining a starter-only gate.,Post-Foundation,SANCTUM-001,500,SANCTUM,P2,/Users/jeffreygyamfi/Sites/echoes-vnext/core/state/flow/states/sanctum/http://FlowSummonState.gd; /Users/jeffreygyamfi/Sites/echoes-vnext/ui/screens/sanctum/http://SummonScreen.gd,Echoes vNext Working GDD V2: higher summon tiers and wider summon complexity remain later expansion after the basic summon loop is proven.,Open,Draft,Expand who arrives and under what pressure only after the opening summon flow is stable.,SANCTUM / BOND / VOW / VOICE,Sanctum Life,New,Expansion
"Expand Realm and stage variety into the later-game structure with harder multi-objective chains, stronger replay differentiation, and broader pressure flavors across multiple Realms.",Realm / Tactical,V2-STAGE-009,"Later Realms and replayed Realms can express broader tone, objective chains, and pressure structure without collapsing into minor variants of the same stage.","V2-STAGE-002, V2-STAGE-004, V2-COMBAT-004",Realm Expansion,The full game has enough Realm variety to sustain long-form play.,Full Game,"REALM-004, REALM-005",560,STAGE,P2,/Users/jeffreygyamfi/Sites/echoes-vnext/core/realms/http://RealmGenerator.gd; /Users/jeffreygyamfi/Sites/echoes-vnext/core/realms/http://RealmService.gd,Echoes vNext Working GDD V2: later or harder stages can use richer multi-objective structures and stronger replay differentiation.,Open,Draft,Complete the Realm layer so the late game has enough structural variety to carry the full concept.,DIRECTIVE / INTEL / STAGE,Stages,New,Full Game
"Expand crafting and research beyond the minimal baseline into a broader project tree with meaningful recipe breadth, catalysts, and later build options.",Economy / Support,V2-ITEM-007,"Research and crafting support broader recipes, project chains, and catalyst logic without collapsing the economy split between Ekwan, Ase, and rare relics.","V2-ECONOMY-003, V2-ECONOMY-004, V2-ITEM-004",Inventory and Loadout,Making and upgrading become a full progression branch rather than a single starter hook.,Post-Foundation,"ITEM-001, ITEM-002",470,ECONOMY,P1,/Users/jeffreygyamfi/Sites/echoes-vnext/docs/Echoes vNext Working http://GDD.md,Echoes vNext Working GDD V2 section 22.5: crafting and research breadth beyond minimal hooks belongs to post-foundation expansion.,Open,Superseded,Open the wider maker loop only after the first simple crafting and project seams exist.,ECONOMY / EMOTION / COMBAT,Economy,New,Expansion
"Expand Sanctum jobs into deeper pillars, office politics, and institutional tension so duty, hierarchy, and governance become a real social layer rather than only lightweight assignments.",Sanctum,V2-SANCTUM-009,"Office roles can create rivalry, governance tension, and institutional obligation beyond passive stat shifts; social incidents reflect those structures.","V2-SANCTUM-006, V2-SANCTUM-007, V2-CONTINUITY-003",Sanctum Social Expansion,"The house starts behaving like a society, not just a roster and room set.",Post-Foundation,SANCTUM-009,460,SANCTUM,P1,/Users/jeffreygyamfi/Sites/echoes-vnext/ui/screens/sanctum/http://SanctumScreen.gd; /Users/jeffreygyamfi/Sites/echoes-vnext/core/state/flow/states/sanctum,"Echoes vNext Working GDD V2 section 22.5: deep Sanctum jobs, pillars, and office politics are post-foundation expansion.",Open,Draft,Move from first jobs to real house governance and social institution pressure.,SANCTUM / BOND / VOW / VOICE,Sanctum Life,New,Expansion
Implement Standing-9 culmination and adjacent synthesis so the late calling lattice can deliver final calling shape without confusing it for mythic status.,Echo Progression,V2-PROG-016,"Standing-9 callings can be recognized and persisted with naming validation, adjacency logic, and clear separation from mythic state.",V2-PROG-012,Calling Lattice Bridge,Late calling culmination exists as its own complete progression layer.,Full Game,None,520,PROG,P1,/Users/jeffreygyamfi/Sites/echoes-vnext/docs/http://calling-reference.md; /Users/jeffreygyamfi/Sites/echoes-vnext/docs/Echoes vNext Working http://GDD.md,"Echoes vNext Working GDD V2: Standing-9 remains calling culmination and adjacent synthesis, not mythic status.",Mostly Locked,Draft,Complete the calling lattice before mythic systems take over as the highest-end house logic.,PROG,Callings,New,Full Game
"Expand the Thread reserve into a true multi-Thread strategy layer with reserve growth, allocation tension, and later reserve expansion so stored stories become a meaningful planning resource.",Echo Progression,V2-WEAVE-005,"The reserve supports multiple stored Threads with meaningful allocation pressure, growth, and expansion hooks; UI and save state stay legible.","V2-WEAVE-001, V2-WEAVE-003, V2-CONTINUITY-001",Weave Expansion,Reserve management becomes a real post-foundation loop rather than a simple cap.,Post-Foundation,None,420,WEAVE,P1,/Users/jeffreygyamfi/Sites/echoes-vnext/core/save/http://SaveSchema.gd; /Users/jeffreygyamfi/Sites/echoes-vnext/docs/Echoes vNext Working http://GDD.md,Echoes vNext Working GDD V2 section 22.5: full multi-Thread reserve strategy is post-foundation expansion.,Mostly Locked,Superseded,Move reserve from capped holding to an actual strategic story resource.,WEAVE,Threads,New,Expansion
"Spread distortion into the full family set with named conditions, differentiated causes, and remedy routes so contamination, overgrowth, and instability become real long-run shaping forces.",Echo Progression,V2-PROG-013,"Multiple distortion families exist with named conditions, symptom texture, and preferred remedy routes; aftermath can persist into later house and behavior state.","V2-WEAVE-006, V2-PROG-010",Person-Shaping Readability,Distortion becomes a broad future-shaping layer instead of a narrow warning track.,Post-Foundation,None,440,PROG,P1,/Users/jeffreygyamfi/Sites/echoes-vnext/docs/Echoes vNext Working http://GDD.md,Echoes vNext Working GDD V2 sections 15.4 and 22.5: full distortion family spread is post-foundation expansion.,Mostly Locked,Draft,Turn distortion from foreshadowed pressure into the wider long-run shaping system the GDD describes.,PROG,Emotion,New,Expansion
"Grow the Sanctum into a multi-zone house so expansion changes where Echoes live, work, gather, and withdraw instead of only adding abstract unlocks.",Sanctum,V2-SANCTUM-011,"Sanctum expansion can add multiple zones with distinct use, movement, and incident behavior; UI and state reflect those differentiated spaces.","V2-CONTINUITY-003, V2-SANCTUM-009",Sanctum Social Expansion,The house becomes spatially and socially richer as it grows.,Post-Foundation,None,490,SANCTUM,P2,/Users/jeffreygyamfi/Sites/echoes-vnext/ui/sanctum/http://SanctumSpatialRenderer.gd; /Users/jeffreygyamfi/Sites/echoes-vnext/ui/shells/http://SanctumShell.gd,Echoes vNext Working GDD V2 section 22.5: multi-zone Sanctum growth belongs to post-foundation expansion.,Open,Superseded,Turn house growth into real spatial differentiation once the base institution tree exists.,SANCTUM / BOND / VOW / VOICE,Sanctum Life,New,Expansion
Grow Continuity into the full institution tree with house-shape differentiation so the Sanctum can diverge culturally and structurally instead of only unlocking the first few spaces.,Sanctum,V2-CONTINUITY-003,"Continuity can unlock broader institution branches and visible house-shape differences with distinct bonuses, deficits, and cultural texture.","V2-CONTINUITY-001, V2-SANCTUM-007",House Growth Seed,Sanctum growth supports meaningful long-form house identity.,Post-Foundation,SANCTUM-BLD-003,450,CONTINUITY,P1,/Users/jeffreygyamfi/Sites/echoes-vnext/ui/screens/sanctum/http://SanctumScreen.gd; /Users/jeffreygyamfi/Sites/echoes-vnext/ui/sanctum/http://SanctumSpatialRenderer.gd,Echoes vNext Working GDD V2 section 22.5: full Continuity institution tree and house-shape differentiation are post-foundation expansion.,Mostly Locked,Superseded,Let the house become structurally different from run to run instead of only larger.,SANCTUM / BOND / VOW / VOICE,Continuity,New,Expansion
"Implement full mythic recognition rites with retry, redirection, and failure cadence so mythic emergence becomes a rare, socially weighty house event instead of a simple promotion.",Echo Progression,V2-PROG-015,"Mythic recognition supports readiness, acceptance, failed recognition, redirection, and retry cadence with visible house consequence and rarity discipline.","V2-PROG-011, V2-PROG-014, V2-WEAVE-006, V2-CONTINUITY-003",Mythic Progression,Mythic status becomes a major late-game social transition rather than a stat threshold.,Full Game,None,530,PROG,P1,/Users/jeffreygyamfi/Sites/echoes-vnext/docs/Echoes vNext Working http://GDD.md,"Echoes vNext Working GDD V2 sections 11.8, 21.6, and 22.5: mythic recognition should be multi-step, fallible, and socially weighty.",Mostly Locked,Draft,Turn mythic readiness into the full rite and house-recognition system described by the GDD.,PROG,Callings,New,Full Game
Add tactical pre-positioning and mid-battle guidance expansions so the Keeper can influence combat beyond opening preparation without undermining the guide-rather-than-command fantasy.,Realm / Tactical,V2-COMBAT-004,"The player gains additional pre-positioning or in-battle guidance options that remain limited, legible, and compatible with autonomy systems.","V2-COMBAT-001, V2-COMBAT-002, V2-INFRA-004",Tactical Expansion,Combat becomes tactically richer without becoming direct micromanagement.,Post-Foundation,COMBAT-004,480,COMBAT,P2,/Users/jeffreygyamfi/Sites/echoes-vnext/core/combat/http://CombatState.gd; /Users/jeffreygyamfi/Sites/echoes-vnext/core/state/flow/states/venture/http://FlowEncounterState.gd,Echoes vNext Working GDD V2 section 22.5: tactical pre-positioning and mid-battle guidance expansions are post-foundation systems.,Open,Superseded,Deepen tactical influence carefully after the basic guidance fantasy is already proven.,ECONOMY / EMOTION / COMBAT,Combat,New,Expansion
"Expand the Sanctum into multi-zone growth so the house can gain layered spatial identity, circulation, and specialization beyond the first-zone foundation shell.",Sanctum,V2-SANCTUM-102,"Backlog defines multi-zone growth, zone specialization, and spatial differentiation as a later expansion of the read-only embodiment layer.","V2-CONTINUITY-101, V2-SANCTUM-007",Expanded Sanctum Growth,Sanctum spatial growth can expand without confusing the foundation house loop.,Post-Foundation,None,480,SANCTUM,P2,/Users/jeffreygyamfi/Sites/echoes-vnext/ui/sanctum/http://SanctumSpatialRenderer.gd; /Users/jeffreygyamfi/Sites/echoes-vnext/docs/Echoes vNext Working http://GDD.md,Echoes vNext Working GDD V2 section 22.5: multi-zone Sanctum growth is a later expansion system.,Open,Superseded,Move from a single embodied house shell toward a larger living place with differentiated zones and house circulation.,SANCTUM / BOND / VOW / VOICE,Sanctum Life,New,Expansion
"Expand crafting and research beyond the minimal baseline so the house can pursue broader item trees, longer projects, and deeper material specialization without drowning the player in recipe noise.",Economy / Support,V2-ECONOMY-101,"Backlog defines broader project trees, research or recipe expansion, and material specialization while preserving the restrained V2 item philosophy.","V2-ECONOMY-003, V2-ECONOMY-004, V2-ITEM-004",Expanded Economy and Craft,Crafting can become a deeper long-run layer after the baseline exists.,Post-Foundation,None,460,ECONOMY,P1,/Users/jeffreygyamfi/Sites/echoes-vnext/docs/Echoes vNext Working http://GDD.md,Echoes vNext Working GDD V2 section 22.5: crafting and research breadth beyond minimal hooks are post-foundation expansion.,Open,Superseded,Let making and house projects deepen later without forcing recipe sprawl into the first proof.,ECONOMY / EMOTION / COMBAT,Economy,New,Expansion
Add tactical pre-positioning and mid-battle guidance expansions so the Keeper can influence autobattle more deeply after the core foundation loop is proven.,Economy / Support,V2-COMBAT-101,Backlog defines pre-positioning and in-fight guidance as explicit later control surfaces with constraints that preserve autonomy and readability.,"V2-COMBAT-001, V2-COMBAT-002, V2-INFRA-004",Expanded Tactical Layer,Combat can deepen later without corrupting the foundation guidance fantasy.,Post-Foundation,"COMBAT-004, GRID-004",470,COMBAT,P2,/Users/jeffreygyamfi/Sites/echoes-vnext/core/combat/http://CombatState.gd; /Users/jeffreygyamfi/Sites/echoes-vnext/docs/Echoes vNext Working http://GDD.md,Echoes vNext Working GDD V2 section 22.5: tactical pre-positioning and mid-battle guidance are post-foundation expansions.,Open,Superseded,"Reserve the deeper command layer for later, once the current prep-to-outcome readability is solid.",ECONOMY / EMOTION / COMBAT,Combat,New,Expansion
Expand Continuity into the full institution tree and house-shape differentiation layer so different Sanctums can develop distinct cultural forms beyond the opening unlock spine.,Sanctum,V2-CONTINUITY-101,"Continuity supports multiple house-shape directions, institution branches, and differentiated unlock logic beyond the opening foundation cadence.","V2-CONTINUITY-001, V2-SANCTUM-007",Expanded Sanctum Growth,Different houses can grow into meaningfully different cultural forms instead of sharing one near-linear unlock path.,Post-Foundation,None,440,CONTINUITY,P1,/Users/jeffreygyamfi/Sites/echoes-vnext/docs/Echoes vNext Working http://GDD.md,Echoes vNext Working GDD V2 section 22.5: full Continuity institution tree and house-shape differentiation are post-foundation systems.,Open,Superseded,Move from one visible growth spine to truly differentiated house development paths.,SANCTUM / BOND / VOW / VOICE,Continuity,New,Expansion
"Expand institution-specific incident libraries and ambient routine embodiment so each major Sanctum space develops its own healthy beats, failure textures, social comedy, grief, and governance flavor.",Sanctum,V2-SANCTUM-103,"Backlog defines institution-specific incident packs, ambient routine differences, and deeper house-expression libraries for the complete game.","V2-SANCTUM-005, V2-SANCTUM-006, V2-SANCTUM-007, V2-SANCTUM-101",Expanded Sanctum Growth,Full-game Sanctum life can feel culturally and spatially distinct across institutions.,Full Game,None,530,SANCTUM,P2,/Users/jeffreygyamfi/Sites/echoes-vnext/docs/Echoes vNext Working http://GDD.md,Echoes vNext Working GDD V2 sections 21.2 and the institution behavior notes: later house life should deepen through institution-specific incidents and embodied routines.,Open,Draft,Complete the living-house fantasy by giving each space distinct social behavior rather than one generic incident pool.,SANCTUM / BOND / VOW / VOICE,Sanctum Life,New,Full Game
"Deepen Sanctum jobs into pillars, office politics, and institutional tension so governance, burden, and social structure become enduring house play rather than light duty assignment.",Sanctum,V2-SANCTUM-101,"Backlog defines pillar or office roles, governance conflicts, burden dynamics, and institution-political pressure as an expansion layer on top of basic job systems.","V2-SANCTUM-006, V2-SANCTUM-007, V2-CONTINUITY-101",Expanded Sanctum Growth,Sanctum governance can deepen later without overloading the foundation house loop.,Post-Foundation,None,450,SANCTUM,P2,/Users/jeffreygyamfi/Sites/echoes-vnext/docs/Echoes vNext Working http://GDD.md,"Echoes vNext Working GDD V2 section 22.5: deep Sanctum jobs, pillars, and office politics belong to post-foundation expansion.",Open,Superseded,Take jobs beyond early responsibilities into a fuller political and institutional house simulation.,SANCTUM / BOND / VOW / VOICE,Sanctum Life,New,Expansion
"Build the full mythic recognition rite layer with thresholds, failure rules, retry or redirection cadence, and departure pressure so myth-making becomes a complete late-game arc.",Echo Progression,V2-PROG-101,"Backlog defines recognition rites, thresholds, failure and retry rules, redirection cadence, and departure pressure as a complete high-end system.","V2-PROG-011, V2-WEAVE-102, V2-CONTINUITY-101",Mythic Endgame,Mythic progression can function as a true endgame arc instead of a vague future promotion state.,Full Game,None,510,PROG,P1,/Users/jeffreygyamfi/Sites/echoes-vnext/docs/Echoes vNext Working http://GDD.md,Echoes vNext Working GDD V2 sections 21.6 and 22.5: mythic recognition rites and departure pressure are later high-end progression work.,Open,Superseded,Turn mythic recognition from a scaffold into a full late-game rite and consequence arc.,PROG,Callings,New,Full Game
"Add the first visible support-state layer for Faith, Harmony, and Favor so the house can express atmosphere and outcome pressure through social or spiritual condition without turning them into simple currencies.",Sanctum,V2-SUPPORT-101,"Backlog defines support states, what they affect, and how they remain expressive house conditions rather than wallet numbers.","V2-SANCTUM-005, V2-SANCTUM-004, V2-CONTINUITY-101",Expanded Sanctum Growth,The house can later gain richer social or spiritual atmosphere systems without redesigning pulse.,Post-Foundation,None,495,SANCTUM,P2,/Users/jeffreygyamfi/Sites/echoes-vnext/docs/Echoes vNext Working http://GDD.md,Echoes vNext Working GDD V2 broader support-state direction: house condition can later broaden beyond pulse into named atmosphere and favor states.,Open,Superseded,Keep the support-state knowledge visible so later house atmosphere systems do not get lost under economy or institution work.,SANCTUM / BOND / VOW / VOICE,Sanctum Life,New,Expansion
Finalize the Standing-9 naming replacement set and multi-mythic strain rules so high-end progression can support multiple myths without leaving weak placeholder naming in the final game.,Echo Progression,V2-PROG-102,Backlog defines a replacement set for weak Standing-9 names and clear multi-mythic strain rules that fit the locked structure.,"V2-PROG-007, V2-PROG-101",Mythic Endgame,The final high-end calling layer can ship without provisional naming or unresolved multi-myth pressure.,Full Game,None,520,PROG,P2,/Users/jeffreygyamfi/Sites/echoes-vnext/docs/http://calling-reference.md; /Users/jeffreygyamfi/Sites/echoes-vnext/docs/Echoes vNext Working http://GDD.md,Echoes vNext Working GDD V2 section 21.6: remaining Standing-9 naming cleanup and multi-mythic strain are explicit high-end open questions.,Open,Superseded,Finish the last naming and strain-cleanup work required to make the mythic tier feel complete rather than provisional.,PROG,Callings,New,Full Game
"Add the full distortion family spread, contamination expression, omen unease, and instability systems beyond the first foundation foreshadowing layer.",Echo Progression,V2-WEAVE-103,"Distortion families, contamination states, clue surfaces, and escalation hooks are defined as a coherent expansion system with clear relation to rites and identity shaping.","V2-WEAVE-102, V2-PROG-010",Expanded Weave,Distortion can function as a later strategic and emotional pressure layer without rewriting foundation Weave.,Post-Foundation,None,430,WEAVE,P1,/Users/jeffreygyamfi/Sites/echoes-vnext/docs/Echoes vNext Working http://GDD.md,Echoes vNext Working GDD V2 section 22.5: full distortion family spread beyond the first priority set is post-foundation expansion.,Open,Superseded,Build out the deeper instability layer so distortion becomes a real progression and narrative pressure family rather than only foreshadowed fiction.,WEAVE,Rite,New,Expansion
"Add claimed and named gear events so equipment remains transferable by default but can accumulate attachment, memory, and light identity effects over time.",Economy / Support,V2-ITEM-101,"Backlog defines claimed or named gear events, light mechanical effects, and stronger emotional or surface effects as later item-depth work.","V2-ITEM-003, V2-ITEM-005",Expanded Economy and Craft,Item attachment can deepen later without breaking early transferability.,Post-Foundation,None,490,ECONOMY,P2,/Users/jeffreygyamfi/Sites/echoes-vnext/docs/Echoes vNext Working http://GDD.md,Echoes vNext Working GDD V2 section 19.8: claimed gear and emotional attachment are later identity-deepening item systems.,Open,Draft,Preserve the attachment layer for gear without forcing hard ownership into the foundation inventory model.,ECONOMY / EMOTION / COMBAT,Economy,New,Expansion
"Expand the Weaving Rite beyond Accept, Reject, and Defer to support contested outcomes, partial integrations, and deeper consequence branches without undoing the reduced foundation rite.",Echo Progression,V2-WEAVE-102,"Backlog and data seams define contested resolution paths, partial integrations, and later unstable outcomes as explicit post-foundation work.","V2-WEAVE-002, V2-WEAVE-004, V2-INFRA-005",Expanded Weave,The rite can deepen later without replacing or contradicting the foundation implementation.,Post-Foundation,None,420,WEAVE,P1,/Users/jeffreygyamfi/Sites/echoes-vnext/docs/Echoes vNext Working http://GDD.md,Echoes vNext Working GDD V2 sections 20.17 and 22.5: contested Weaving Rite depth and later outcome branches remain real future structure.,Open,Superseded,Preserve the later rite branches as expansion work instead of letting the reduced foundation rite harden into the final form.,WEAVE,Rite,New,Expansion
"Expand Thread reserve into a true multi-Thread strategy layer with prioritization, holding pressure, reserve choice, and longer-term planning beyond the foundation cap and overflow rules.",Echo Progression,V2-WEAVE-101,"Backlog and data seams define multiple stored Threads, prioritization rules, longer-term planning hooks, and clear reserve-state surfaces.","V2-WEAVE-003, V2-WEAVE-004",Expanded Weave,Thread reserve becomes an expansion system rather than a single-thread holding rule.,Post-Foundation,None,410,WEAVE,P1,/Users/jeffreygyamfi/Sites/echoes-vnext/docs/Echoes vNext Working http://GDD.md,Echoes vNext Working GDD V2 section 22.5: full multi-Thread reserve strategy is explicitly post-foundation expansion.,Open,Superseded,Turn reserve handling from a capped foundation seam into a strategic planning layer with meaningful tradeoffs across stored Threads.,WEAVE,Threads,New,Expansion
"Expand the Weaving Rite from the reduced foundation loop into contested and deeper resolution states so not every significant Thread decision stays inside Accept, Reject, or Defer.",Echo Progression,V2-WEAVE-006,"Backlog and runtime seams explicitly cover contested or deeper rite outcomes, player choice points, and consequence states beyond the foundation trio.","V2-WEAVE-002, V2-WEAVE-004",Reduced Weave Expansion,The game can deepen Thread integration without rebuilding the rite layer from scratch.,Post-Foundation,None,510,WEAVE,P1,/Users/jeffreygyamfi/Sites/echoes-vnext/docs/Echoes vNext Working http://GDD.md,Echoes vNext Working GDD V2 section 22.5: contested Weaving Rite depth is explicitly post-foundation expansion.,Open,Superseded,Preserve the deeper rite structure as the next expansion layer after the reduced foundation outcome set.,WEAVE,Rite,New,Expansion
"Add claimed and named gear events so transferable equipment can still accumulate attachment, identity, and light emotional effects over longer play.",Economy / Support,V2-ITEM-006,"Backlog and data seams cover claimed or named gear events, transfer rules, and light emotional identity hooks.","V2-ITEM-003, V2-ITEM-004",Inventory and Loadout,The complete game can create attachment to gear without turning inventory into a rigid ownership puzzle.,Post-Foundation,None,580,ECONOMY,P2,/Users/jeffreygyamfi/Sites/echoes-vnext/docs/Echoes vNext Working http://GDD.md,Echoes vNext Working GDD V2 section 19.8: gear can become claimed or named through Echo choice events and should carry stronger emotional than raw power effect.,Open,Superseded,Preserve the longer-horizon attachment layer for gear without locking the foundation inventory into hard ownership.,ECONOMY / EMOTION / COMBAT,Economy,New,Expansion
Expand Continuity into the full institution tree and broader house-shape differentiation so the Sanctum stops converging on one narrow growth path.,Sanctum,V2-SANCTUM-008,"Backlog covers divergent institution trees, differentiating house shapes, and broader Continuity-driven unlock variety beyond the foundation institution set.","V2-CONTINUITY-001, V2-SANCTUM-007",House Growth Expansion,Sanctum growth can branch meaningfully instead of feeling linear.,Post-Foundation,SANCTUM-BLD-003,530,SANCTUM,P1,/Users/jeffreygyamfi/Sites/echoes-vnext/ui/screens/sanctum/http://SanctumScreen.gd; /Users/jeffreygyamfi/Sites/echoes-vnext/ui/sanctum/http://SanctumSpatialRenderer.gd,Echoes vNext Working GDD V2 section 22.5: full Continuity institution tree and house-shape differentiation are post-foundation expansion.,Open,Superseded,Use Continuity to create genuinely different house identities instead of one fixed unlock ladder.,SANCTUM / BOND / VOW / VOICE,Continuity,New,Expansion
"Deepen jobs into pillars, office politics, duty conflict, and broader governance pressure so house life grows beyond the first assignable offices.",Sanctum,V2-SANCTUM-009,"Backlog and data seams cover office conflict, deeper duty structures, and institutional politics beyond the first jobs.","V2-SANCTUM-005, V2-SANCTUM-006, V2-SANCTUM-008",House Growth Expansion,Sanctum life can expand into governance and office pressure without rewriting the foundation job layer.,Post-Foundation,None,540,SANCTUM,P2,/Users/jeffreygyamfi/Sites/echoes-vnext/ui/screens/sanctum/http://SanctumScreen.gd; /Users/jeffreygyamfi/Sites/echoes-vnext/docs/Echoes vNext Working http://GDD.md,"Echoes vNext Working GDD V2 section 22.5: deep Sanctum jobs, pillars, and office politics are post-foundation expansion.",Open,Superseded,Turn early jobs into a fuller political and cultural house layer after the foundation offices exist.,SANCTUM / BOND / VOW / VOICE,Sanctum Life,New,Expansion
"Deliver the complete playable automatic tactical-guidance loop so the Keeper can prepare, observe, intervene, read each Echo's response, and understand the consequence across every production combat objective.",Economy / Support,V2-COMBAT-004,"From briefing through Resolve, COMBAT, PURIFY_SHRINE, RECOVER, PROTECT, ENDURE, PURSUE, and GUIDE_SPIRIT support readable tactical preparation, automatic-only playback with speed controls, round-earned Ping Charge, five spatial pings with exclusive recipient scopes, snapshotted recipients, next-round Echo responses with reasons, visible action consequences, and deterministic causal review; production code remains independent of the prototype.","V2-STAGE-004, V2-COMBAT-001, V2-COMBAT-002, V2-COMBAT-003, V2-DIRECTIVE-002, V2-INFRA-004",Foundation Tactical Guidance,The production Realm flow proves Read → prepare → observe → guide → Echo interprets → visible action → review for all current combat objectives without pausing combat or granting direct unit control.,Foundation,COMBAT-004,262,COMBAT,P1,docs/[combat-modes.md](http://combat-modes.md); core/combat/[CombatState.gd](http://CombatState.gd); core/actors/[ActorStateMachine.gd](http://ActorStateMachine.gd); core/actors/behaviors/[BehaviorArbiter.gd](http://BehaviorArbiter.gd); core/directives/[DirectiveService.gd](http://DirectiveService.gd); prototypes/keeper_tactical_guidance/[SPEC.md](http://SPEC.md); prototypes/keeper_tactical_guidance/[FINDINGS.md](http://FINDINGS.md); prototypes/keeper_tactical_guidance/[RUN.md](http://RUN.md); docs/proposals/[keeper-tactical-guidance-promotion.md](http://keeper-tactical-guidance-promotion.md); docs/proposals/[keeper-tactical-guidance-architecture.md](http://keeper-tactical-guidance-architecture.md),"Echoes vNext Working GDD V2.5 sections 7.3, 11.5, 20.17, 21.3, 22.4, 22.5, and 23: the bounded playable Keeper Tactical Guidance loop is Foundation scope; breadth beyond that loop remains later work.",Mostly Locked,Ready,"Make autonomous combat a Foundation Keeper experience: consolidated deployment, continuous playback, round-earned spatial guidance, recipient-specific interpretation, visible action consequence, and causal review.",ECONOMY / EMOTION / COMBAT,Combat,New,Foundation
"Expand the Realm roster and endgame Realm variety so post-starter and late-game Realms stay clearly differentiated in pressure, restoration logic, and narrative tone instead of converging into near-duplicates.",Realm / Tactical,V2-STAGE-006,"Backlog covers broader Realm roster growth, stronger differentiation, and endgame Realm logic beyond the foundation set.","V2-STAGE-002, V2-STAGE-004",Realm Expansion,The complete game can sustain long-run Realm variety without flattening tone or objective structure.,Full Game,"REALM-002, REALM-003",720,STAGE,P1,/Users/jeffreygyamfi/Sites/echoes-vnext/core/realms/http://RealmGenerator.gd; /Users/jeffreygyamfi/Sites/echoes-vnext/docs/Echoes vNext Working http://GDD.md,Echoes vNext Working GDD V2: later Realm variety should remain non-sequential and clearly differentiated rather than collapsing into near-duplicates.,Mostly Locked,Draft,Keep complete-game Realm variety explicit in the backlog beyond the foundation pair of post-starter Realms.,DIRECTIVE / INTEL / STAGE,Stages,New,Full Game
"Implement mythic-recognition rites, failure and redirection cadence, and departure pressure so high-end Echo progression can become a real late-game arc instead of stopping at provisional scaffolding.",Echo Progression,V2-PROG-012,"Backlog covers mythic recognition rites, failure or redirection cadence, departure pressure, and their major system dependencies as a coherent late-game track.","V2-PROG-011, V2-WEAVE-006, V2-SANCTUM-008",Mythic Progression,High-end Echo progression can complete without inventing a second progression model later.,Full Game,None,700,PROG,P1,/Users/jeffreygyamfi/Sites/echoes-vnext/core/progression/http://CallingService.gd; /Users/jeffreygyamfi/Sites/echoes-vnext/docs/Echoes vNext Working http://GDD.md,Echoes vNext Working GDD V2 sections 21.6 and 22.5: mythic recognition rites and departure pressure are beyond foundation and belong to later completion work.,Open,Superseded,Turn mythic progression from a scaffold into a full late-game rite and departure arc.,PROG,Callings,New,Full Game
"Expand Thread reserve into a full multi-Thread strategy layer with meaningful reserve composition, sequencing decisions, and longer-horizon management beyond the foundation cap and overflow rules.",Echo Progression,V2-WEAVE-005,"Backlog and data seams cover multi-Thread reserve state, player-facing reserve choices, and longer-horizon reserve pressure beyond foundation overflow UX.","V2-WEAVE-003, V2-WEAVE-004",Reduced Weave Expansion,Reserve play can expand into a real strategic layer without reworking the foundation Weave spine.,Post-Foundation,None,500,WEAVE,P1,/Users/jeffreygyamfi/Sites/echoes-vnext/core/save/http://SaveSchema.gd; /Users/jeffreygyamfi/Sites/echoes-vnext/docs/Echoes vNext Working http://GDD.md,Echoes vNext Working GDD V2 section 22.5: full multi-Thread reserve strategy is explicitly post-foundation expansion.,Open,Draft,Move from one-Thread foundation reserve handling into a broader strategic reserve layer.,WEAVE,Threads,New,Expansion
"Expand distortion into a broader family spread so contamination, omen unease, instability, and future strain can mature into a full systemic layer after the first priority set.",Echo Progression,V2-WEAVE-007,"The backlog preserves multiple distortion families, their triggers, and their consequence hooks as a coherent expansion track.",V2-WEAVE-006,Reduced Weave Expansion,Distortion can grow into a meaningful system without clashing with the reduced foundation rite loop.,Post-Foundation,None,520,WEAVE,P2,/Users/jeffreygyamfi/Sites/echoes-vnext/docs/Echoes vNext Working http://GDD.md,Echoes vNext Working GDD V2 section 22.5: full distortion family spread beyond the first priority set is post-foundation.,Open,Superseded,Keep distortion as a real future system instead of a discarded concept after the foundation cutline.,WEAVE,Rite,New,Expansion
"Complete the high-end progression layer by balancing deployment costs, multi-mythic strain, and the final Standing-9 naming cleanup so the upper game remains coherent under real roster pressure.",Echo Progression,V2-PROG-013,"Backlog covers deployment-cost tuning, multi-mythic strain, and Standing-9 naming replacement work as one coherent completion layer.",V2-PROG-012,Mythic Progression,Late-game progression can scale cleanly without placeholder names or unbounded mythic power.,Full Game,None,710,PROG,P2,/Users/jeffreygyamfi/Sites/echoes-vnext/docs/http://calling-reference.md; /Users/jeffreygyamfi/Sites/echoes-vnext/docs/Echoes vNext Working http://GDD.md,"Echoes vNext Working GDD V2 section 21.6: deployment-cost tuning, multi-mythic strain effects, and Standing-9 naming cleanup remain later high-end progression work.",Open,Draft,Preserve the final balancing and naming work needed for the top-end progression game.,PROG,Callings,New,Full Game
"Add the first visible house-state support layer for Faith, Harmony, and Favor so long-run atmosphere and outcomes can be shaped by support conditions without turning them into currencies.",Sanctum,V2-SUPPORT-001,"Backlog and data seams preserve Faith, Harmony, and Favor as support states with outcome and atmosphere effects, not as spendable currencies.","V2-SANCTUM-004, V2-SANCTUM-005, V2-ECONOMY-002",House Growth Expansion,The complete game can grow house texture through support states without redesigning core economy.,Post-Foundation,None,590,SANCTUM,P2,/Users/jeffreygyamfi/Sites/echoes-vnext/docs/Echoes vNext Working http://GDD.md,Echoes vNext Working GDD V2: support states should affect outcomes and atmosphere without collapsing into wallet currencies.,Open,Draft,Keep the broader house-support layer visible as a later expansion track instead of losing it between economy and Sanctum systems.,SANCTUM / BOND / VOW / VOICE,Sanctum Life,New,Expansion
"Map full institution, rite, office, and custom content across Continuity bands so the complete game can deliver a culturally distinct house progression instead of a generic unlock ladder.",Sanctum,V2-CONTINUITY-005,"Backlog covers institution, rite, office, and custom mapping across Continuity bands plus their dependencies and blocker logic.","V2-CONTINUITY-003, V2-CONTINUITY-004, V2-SANCTUM-009, V2-PROG-012",House Growth Completion,The complete game can express a culturally differentiated house across the full Continuity arc.,Full Game,None,730,CONTINUITY,P2,/Users/jeffreygyamfi/Sites/echoes-vnext/docs/Echoes vNext Working http://GDD.md,"Echoes vNext Working GDD V2 sections 21.5 and 21.6: full institution, rite, office, and custom content mapping across Continuity bands remains later completion work.",Open,Draft,"Preserve the final house-shape content mapping work as part of the complete-game backlog, not as lost design residue.",SANCTUM / BOND / VOW / VOICE,Continuity,New,Full Game
"Expand crafting and research beyond the minimal baseline into broader recipe, project, and upgrade breadth so making and shaping can support the complete game.",Economy / Support,V2-ECONOMY-005,"Backlog covers wider crafting ladders, more projects, broader recipe sets, and research-like shaping work beyond the first crafted item.","V2-ECONOMY-003, V2-ECONOMY-004, V2-ITEM-004",Economy Expansion,The complete game can support deeper making without overloading the foundation loop.,Post-Foundation,None,550,ECONOMY,P1,/Users/jeffreygyamfi/Sites/echoes-vnext/core/economy/http://EconomyService.gd; /Users/jeffreygyamfi/Sites/echoes-vnext/docs/Echoes vNext Working http://GDD.md,Echoes vNext Working GDD V2 section 22.5: crafting and research breadth beyond minimal hooks is post-foundation expansion.,Open,Superseded,Preserve the deeper crafting and research layer as the next economy-growth expansion beyond simple early making.,ECONOMY / EMOTION / COMBAT,Economy,New,Expansion
"Expand the Sanctum into a multi-zone growth model so house travel, distributed spaces, and larger spatial identity can support the complete game.",Sanctum,V2-SANCTUM-010,"Backlog covers multiple house zones, movement between them, and spatial growth dependencies beyond the foundation house shell.","V2-SANCTUM-008, V2-SANCTUM-009",House Growth Expansion,Sanctum expansion can scale spatially without breaking the earlier institution and pulse work.,Post-Foundation,None,570,SANCTUM,P2,/Users/jeffreygyamfi/Sites/echoes-vnext/ui/sanctum/http://SanctumSpatialRenderer.gd; /Users/jeffreygyamfi/Sites/echoes-vnext/ui/shells/http://SanctumShell.gd,Echoes vNext Working GDD V2 section 22.5: multi-zone Sanctum growth is post-foundation expansion.,Open,Superseded,Move from a single readable house shell into a broader spatial Sanctum over time.,SANCTUM / BOND / VOW / VOICE,Sanctum Life,New,Expansion
Turn mythic recognition into a full rite and departure-pressure layer so high-end Echo growth can culminate in consequential recognition rather than only scaffolded tracking.,Echo Progression,V2-PROG-012,"Recognition can culminate in rites, redirection, failure states, and departure pressure that materially affect the house and roster.","V2-PROG-011, V2-WEAVE-006, V2-CONTINUITY-003",High-End Person Shaping,High-end Echo growth has a real climax instead of only a tracked threshold.,Post-Foundation,None,590,PROG,P1,/Users/jeffreygyamfi/Sites/echoes-vnext/docs/Echoes vNext Working http://GDD.md,Echoes vNext Working GDD V2 sections 21.6 and 22.5: mythic recognition rites and departure pressure are post-foundation expansion.,Mostly Locked,Superseded,Move from recognition scaffolding to real mythic culmination pressure.,PROG,Callings,New,Expansion
"Add claimed and named gear arcs so equipment can become emotionally charged, lightly personalized, and memorable without breaking shared-house transfer rules.",Echo Progression,V2-ITEM-007,"The system can support named or claimed gear events, light mechanical effects, and stronger emotional surfacing without hard ownership by default.","V2-ITEM-003, V2-BOND-002",Late Economy and Making,Late-game equipment can carry memory and attachment without becoming a locked paper-doll system.,Post-Foundation,None,570,PROG,P2,/Users/jeffreygyamfi/Sites/echoes-vnext/docs/Echoes vNext Working http://GDD.md,Echoes vNext Working GDD V2 section 19.8: claimed gear and emotional attachment are real future structure beyond baseline transferability.,Open,Superseded,Let gear carry attachment and identity after the foundational loadout system is stable.,PROG,Skill Families,New,Expansion
"Expand the Thread reserve into a real multi-Thread strategy layer so the player manages competing recovery opportunities, reserve pressure, and sequencing instead of only one-thread decisions.",Echo Progression,V2-WEAVE-005,"Reserve logic supports multiple active choices, sequencing pressure, and meaningful tradeoffs between stored Threads without collapsing into hidden clutter.","V2-WEAVE-003, V2-WEAVE-004",Post-Foundation Weave,Post-foundation Weave play can create real portfolio decisions across Threads.,Post-Foundation,None,500,WEAVE,P1,/Users/jeffreygyamfi/Sites/echoes-vnext/docs/Echoes vNext Working http://GDD.md,Echoes vNext Working GDD V2 section 22.5: full multi-Thread reserve strategy is explicitly post-foundation expansion.,Mostly Locked,Superseded,Turn reserve management from a single-thread seam into a broader strategic layer after foundation proof is stable.,WEAVE,Threads,New,Expansion
Replace the weakest provisional Standing-9 names with the final high-end naming set while preserving the locked Standing-9 structure.,Echo Progression,V2-PROG-014,The backlog and data seams identify where provisional Standing-9 names are replaced while the lattice structure stays intact.,"V2-PROG-007, V2-PROG-012",High-End Person Shaping,Late calling progression can ship with final names rather than placeholders.,Full Game,None,510,PROG,P2,/Users/jeffreygyamfi/Sites/echoes-vnext/docs/http://calling-reference.md; /Users/jeffreygyamfi/Sites/echoes-vnext/docs/Echoes vNext Working http://GDD.md,"Echoes vNext Working GDD V2 section 21.6: Standing-9 structure is locked, but weak provisional names still need replacement.",Open,Draft,Preserve the naming cleanup as later backlog work instead of leaving the high-end lattice half-finished.,PROG,Callings,New,Full Game
Expand the vow set into fuller doctrine families and longer-run overlays so later runs can carry stronger cultural identity and sharper Keeper promises than the foundation vow set allows.,Sanctum,V2-VOW-003,"The backlog and data seams cover broader vow families, longer-run overlays, and stronger cultural differentiation across runs.","V2-VOW-002, V2-SANCTUM-010",Long-Form House Growth,Late-game vows can shape house doctrine more deeply than the starter set.,Post-Foundation,VOW-003,660,VOW,P1,/Users/jeffreygyamfi/Sites/echoes-vnext/core/sanctum/http://VowService.gd,"Echoes vNext Working GDD V2: the foundation includes only a small vow set, while the complete game wants broader doctrine identity.",Mostly Locked,Draft,Preserve the larger doctrine system as later scope rather than compressing it into the foundation cutline.,SANCTUM / BOND / VOW / VOICE,Vows,New,Expansion
"Expand distortion into a broader family spread with contamination, omen unease, and future instability so post-foundation Weave play can carry longer shadow consequences.",Echo Progression,V2-WEAVE-007,"Distortion states can be stored, surfaced, and fed back into Sanctum, rites, and actor behavior with distinct family-level expression.","V2-WEAVE-006, V2-PROG-010",Post-Foundation Weave,"Post-foundation instability is systemic, not only narrative flavor.",Post-Foundation,None,520,WEAVE,P1,/Users/jeffreygyamfi/Sites/echoes-vnext/docs/Echoes vNext Working http://GDD.md,Echoes vNext Working GDD V2 section 22.5: full distortion family spread remains post-foundation expansion.,Mostly Locked,Superseded,"Turn foundation foreshadowing into a real distortion system with families, consequences, and longer-term pressure.",WEAVE,Rite,New,Expansion
"Expand directives beyond the starter pair so post-foundation Realm play can express more aggressive, risky, interpretive, and doctrine-shaped stances.",Realm / Tactical,V2-DIRECTIVE-003,"Directive data and runtime can support additional stance families with distinct risk, intel, and behavioral implications.","V2-DIRECTIVE-001, V2-DIRECTIVE-002",Post-Foundation Venture Depth,Post-foundation venture play can express a richer Keeper intent layer than simple safer-versus-deeper scouting.,Post-Foundation,DIRECTIVE-004,620,DIRECTIVE,P1,/Users/jeffreygyamfi/Sites/echoes-vnext/core/directives/http://DirectiveService.gd,"Echoes vNext Working GDD V2: the starter pair is enough for foundation, but not for the complete game.",Mostly Locked,Draft,Open the wider directive space only after the first stance pair is stable and meaningful.,DIRECTIVE / INTEL / STAGE,Directives,New,Expansion
"Expand crafting and research beyond the minimal foundation hook into a fuller making, upgrading, and discovery layer without exploding into recipe bloat.",Economy / Support,V2-ECONOMY-005,"The backlog and data seams cover wider recipes, research or project depth, and longer upgrade paths while still respecting restrained item philosophy.","V2-ECONOMY-004, V2-ECONOMY-003, V2-ITEM-004",Late Economy and Making,Late economy can support long-form making without deforming foundation pacing.,Post-Foundation,None,560,ECONOMY,P1,/Users/jeffreygyamfi/Sites/echoes-vnext/docs/Echoes vNext Working http://GDD.md,Echoes vNext Working GDD V2 section 22.5: crafting and research breadth beyond minimal hooks is post-foundation.,Mostly Locked,Draft,Preserve the later making-game without stuffing it into the foundation slice.,ECONOMY / EMOTION / COMBAT,Economy,New,Expansion
"Add the visible support-state layer for Faith, Harmony, and Favor so later house life can expose softer social and cultural condition states without turning them into currencies.",Sanctum,V2-SANCTUM-012,"Backlog and data seams exist for Faith, Harmony, and Favor as visible support states that can influence outcomes and atmosphere without acting like currencies.","V2-SANCTUM-004, V2-SANCTUM-005",Long-Form House Growth,Late Sanctum life can expose softer cultural support states beyond pulse alone.,Post-Foundation,None,650,SANCTUM,P2,/Users/jeffreygyamfi/Sites/echoes-vnext/docs/Echoes vNext Working http://GDD.md,Echoes vNext Working GDD V2: later house depth benefits from support-state layers that affect atmosphere and outcomes without becoming wallets.,Open,Superseded,Preserve the softer house-condition layer as post-foundation social support depth.,SANCTUM / BOND / VOW / VOICE,Sanctum Life,New,Expansion
"Deepen the Weaving Rite into contested, multi-outcome resolution so Partially Integrate, Distort, and broader consequence branches become real systems instead of deferred notes.",Echo Progression,V2-WEAVE-006,"Rite flow supports broader outcomes, stronger failure states, and contested resolution logic that still remains legible to the player.","V2-WEAVE-002, V2-WEAVE-004, V2-PROG-011",Post-Foundation Weave,The Weaving Rite becomes a deep progression event rather than a reduced foundation gate.,Post-Foundation,None,510,WEAVE,P1,/Users/jeffreygyamfi/Sites/echoes-vnext/docs/Echoes vNext Working http://GDD.md,Echoes vNext Working GDD V2 sections 20.17 and 22.5: contested Weaving Rite depth remains real future structure beyond the reduced foundation cutline.,Mostly Locked,Superseded,Move the Rite from reduced foundation outcomes to the fuller contested resolution model.,WEAVE,Rite,New,Expansion
"Build out the fuller relic and remembrance economy so found relics, death-formed remembrance artifacts, and rare catalyst-level crafting can coexist coherently.",Economy / Support,V2-ITEM-008,"Relics, remembrance items, and rare catalyst uses have coherent sourcing, rarity, and economy interaction rules.","V2-ITEM-005, V2-ECONOMY-005",Late Economy and Making,Late-game item identity includes relic and remembrance depth without corrupting the core loot loop.,Full Game,None,580,ECONOMY,P2,/Users/jeffreygyamfi/Sites/echoes-vnext/docs/Echoes vNext Working http://GDD.md,"Echoes vNext Working GDD V2 sections 19.5-19.10: relics and remembrance become a richer late economy, but should not destabilize ordinary loot logic.",Open,Draft,Preserve the larger relic and remembrance loop as full-game structure rather than forcing it into foundation.,ECONOMY / EMOTION / COMBAT,Economy,New,Full Game
"Deepen jobs, pillars, offices, and duty politics so house governance, role friction, and institutional maturity become real post-foundation play instead of simple duty assignment.",Sanctum,V2-SANCTUM-010,"Offices, duties, and house politics create escalating social and institutional pressure beyond the first assignable-job layer.","V2-SANCTUM-006, V2-SANCTUM-007, V2-SANCTUM-005",Long-Form House Growth,"Post-foundation Sanctum life includes governance and office tension, not just ambient routines.",Post-Foundation,None,540,SANCTUM,P1,/Users/jeffreygyamfi/Sites/echoes-vnext/docs/Echoes vNext Working http://GDD.md,"Echoes vNext Working GDD V2 section 22.5: deep Sanctum jobs, pillars, and office politics are post-foundation expansion.",Mostly Locked,Superseded,Grow the house from first jobs into a real governance and labor system.,SANCTUM / BOND / VOW / VOICE,Sanctum Life,New,Expansion
Add tactical pre-positioning and mid-battle Keeper guidance expansions so later combat can deepen agency without abandoning the non-command fantasy.,Economy / Support,V2-COMBAT-004,The backlog and runtime seams support pre-positioning and limited mid-battle guidance without collapsing the identity-guidance fantasy into direct unit control.,"V2-COMBAT-001, V2-COMBAT-002",Post-Foundation Venture Depth,Later combat can grow more expressive and tactical without betraying the core fantasy.,Post-Foundation,COMBAT-004,630,COMBAT,P1,/Users/jeffreygyamfi/Sites/echoes-vnext/core/combat/http://CombatState.gd; /Users/jeffreygyamfi/Sites/echoes-vnext/core/state/flow/states/venture/http://FlowEncounterState.gd,Echoes vNext Working GDD V2 section 22.5: tactical pre-positioning and mid-battle guidance expansions should remain later than foundation proof.,Mostly Locked,Superseded,Deepen Keeper influence in combat after the foundation pressure model is trustworthy.,ECONOMY / EMOTION / COMBAT,Combat,New,Expansion
"Expand Continuity into the full institution tree and house-shape differentiation so the Sanctum’s culture, unlock path, and long-term identity diverge meaningfully across runs.",Sanctum,V2-CONTINUITY-003,"Continuity can map to differentiated institution trees, customs, blockers, and house-shape variations across runs or long campaigns.","V2-CONTINUITY-001, V2-SANCTUM-007",Long-Form House Growth,Late-game Sanctums feel culturally distinct instead of following one narrow growth line.,Post-Foundation,None,530,CONTINUITY,P1,/Users/jeffreygyamfi/Sites/echoes-vnext/docs/Echoes vNext Working http://GDD.md,Echoes vNext Working GDD V2 sections 21.5 and 22.5: full Continuity institution tree and house-shape differentiation are later than foundation proof.,Mostly Locked,Draft,Move beyond early unlock candidates into the full cultural growth spine of the house.,SANCTUM / BOND / VOW / VOICE,Continuity,New,Expansion
"Expand Realm variety, spirit or contact depth, and non-enemy encounter content so post-foundation runs can carry broader pressure textures than the first foundation set.",Realm / Tactical,V2-STAGE-006,"Backlog and data seams cover richer Realm variety, more spirit or contact content, and deeper non-enemy encounter structures.","V2-STAGE-003, V2-STAGE-004, V2-DIRECTIVE-003",Post-Foundation Venture Depth,Post-foundation venture content can expand in breadth without rewriting the stage spine.,Post-Foundation,REALM-005,640,STAGE,P1,/Users/jeffreygyamfi/Sites/echoes-vnext/core/realms/http://RealmGenerator.gd; /Users/jeffreygyamfi/Sites/echoes-vnext/core/state/flow/states/venture,"Echoes vNext Working GDD V2: broader spirit contact, Realm variety, and richer stage pressure belong to later depth beyond foundation proof.",Mostly Locked,Draft,Keep the later stage-expansion promise visible without forcing it into the first shippable slice.,DIRECTIVE / INTEL / STAGE,Stages,New,Expansion
"Deepen social voice into requests, negotiation, disagreement, and relationship-shaped interpretation so later house life can surface richer personhood without handing voice control of the sim.",Narrative / Content,V2-VOICE-002,"Backlog and runtime seams support voiced requests, disagreement, negotiation, and relationship-shaped interpretation without putting sim authority in the voice layer.","V2-VOICE-001, V2-SANCTUM-005, V2-BOND-002",Long-Form House Growth,Late-game house life can feel more socially articulate and specific.,Post-Foundation,VOICE-002,670,VOICE,P2,/Users/jeffreygyamfi/Sites/echoes-vnext/core/echoes/http://ShoutBank.gd; /Users/jeffreygyamfi/Sites/echoes-vnext/core/state/flow/states/sanctum/http://FlowEchoPartyState.gd,Echoes vNext Working GDD V2: later social depth should expose richer requests and disagreement once the foundation expression layer is stable.,Mostly Locked,Draft,Turn voice from high-signal reaction lines into deeper social interpretation later in the game.,SANCTUM / BOND / VOW / VOICE,Voice,New,Expansion
"Define deployment cost tuning, departure thresholds, and multi-mythic strain so late-game rosters cannot grow into consequence-free collections of finished legends.",Echo Progression,V2-PROG-013,"Backlog and data seams cover deployment pressure, departure thresholds, and multi-mythic strain effects that can be tuned later.",V2-PROG-012,High-End Person Shaping,The late game can preserve tension even with multiple near-mythic Echoes.,Full Game,None,600,PROG,P2,/Users/jeffreygyamfi/Sites/echoes-vnext/docs/Echoes vNext Working http://GDD.md,"Echoes vNext Working GDD V2 section 21.6: deployment-cost tuning, departure thresholds, and multi-mythic strain remain open high-end work.",Open,Draft,Keep late-game mythic power from flattening risk and house tension.,PROG,Callings,New,Full Game
"Expand the Sanctum into multiple meaningful zones so the house can grow spatially, culturally, and functionally beyond the first embodied hub spaces.",Sanctum,V2-SANCTUM-011,Sanctum spatial growth can unlock or represent multiple differentiated zones with their own activity and pressure identities.,"V2-CONTINUITY-003, V2-SANCTUM-010",Long-Form House Growth,Late-game house growth can feel expansive rather than only denser.,Full Game,None,550,SANCTUM,P2,/Users/jeffreygyamfi/Sites/echoes-vnext/ui/sanctum/http://SanctumSpatialRenderer.gd; /Users/jeffreygyamfi/Sites/echoes-vnext/ui/shells/http://SanctumShell.gd,Echoes vNext Working GDD V2 section 22.5: multi-zone Sanctum growth is explicitly later than foundation proof.,Open,Draft,Turn the house from one embodied hub into a broader inhabited space network.,SANCTUM / BOND / VOW / VOICE,Sanctum Life,New,Full Game
"Define dynamic incident-pool composition so Continuity, bonds, institution state, support conditions, and Realm pressure can expand or constrain what kinds of house events surface in the full game.",Sanctum,V2-SANCTUM-015,"Incident pool selection rules can account for Continuity bands, bond texture, institution strain, support-state pressure, and Realm aftermath without collapsing into unreadable randomness.","V2-SANCTUM-005, V2-SANCTUM-009, V2-CONTINUITY-003, V2-SUPPORT-001",Long-Form House Growth,,Full Game,None,560,SANCTUM,P1,/Users/jeffreygyamfi/Sites/echoes-vnext/core/state/flow/states/sanctum/http://FlowSanctumState.gd; /Users/jeffreygyamfi/Sites/echoes-vnext/core/sanctum,"Echoes vNext Working GDD V2 section 21.2: exact expansion rules for incident pools across Continuity, bonds, institution state, and Realm pressure remain open and are required for a complete living-house game.",Open,Draft,Turn the incident system into a governed content engine instead of one generic event bucket.,SANCTUM / BOND / VOW / VOICE,,New,Full Game
Expand later stages into a broader objective library and mixed encounter ecology so complete-game Realm runs can tell legible stage stories instead of repeating the foundation objective set.,Realm / Tactical,V2-STAGE-101,"Later-stage content supports expanded objective families such as Rite/Stabilize and Judge/Choose, denser multi-objective structures, and a deliberate mix of set-piece and roaming pressure encounters tied to stage story.","V2-STAGE-002, V2-STAGE-005, V2-INTEL-002",Realm Content Expansion,Complete-game stages can vary by objective story and encounter ecology without degenerating into kill-all ladders.,Post-Foundation,None,470,STAGE,P1,/Users/jeffreygyamfi/Sites/echoes-vnext/core/stages/http://StageGenerator.gd; /Users/jeffreygyamfi/Sites/echoes-vnext/core/stages/http://StageState.gd; /Users/jeffreygyamfi/Sites/echoes-vnext/data/actors.json,Echoes vNext Working GDD V2 sections 3841-3907 and 22.5: later stages should grow beyond the foundation objective set and use mixed encounter ecology.,Mostly Locked,Superseded,Preserve the later objective and encounter library so Realm content can scale into the complete game without rewriting the foundation stage model.,DIRECTIVE / INTEL / STAGE,,New,Expansion
"Build full Realm ecology and faction identity so enemy rosters, stage pressure, and distortion flavor differ meaningfully by Realm instead of reading as generic encounter wrappers.",Realm / Tactical,V2-STAGE-102,"Realm-specific enemy families, pressure roles, and distortion signatures can be authored and surfaced consistently across stage generation and encounter presentation.","V2-STAGE-004, V2-COMBAT-001, V2-INTEL-002",Realm Content Expansion,,Full Game,None,600,STAGE,P1,/Users/jeffreygyamfi/Sites/echoes-vnext/core/realms/http://RealmGenerator.gd; /Users/jeffreygyamfi/Sites/echoes-vnext/core/realms/http://RealmService.gd; /Users/jeffreygyamfi/Sites/echoes-vnext/core/state/flow/states/venture/http://FlowEncounterState.gd,"Echoes vNext Working GDD V2: enemy identity should be built first around stage and objective pressure, then battlefield role, then faction or distortion flavor; the complete game needs Realm-specific ecology rather than one generic stage set.",Open,Draft,Give each Realm its own ecological and adversarial logic so tactical play carries place identity instead of only board-state variation.,DIRECTIVE / INTEL / STAGE,,New,Full Game
"Expand all ten Realms with differentiated objective, omen, NPC-contact, and encounter libraries so later campaigns do not collapse into one reusable stage vocabulary.",Narrative / Content,V2-STAGE-103,"Each Realm can draw from differentiated objective, omen, contact, and encounter pools that preserve identity and replay value across long campaigns.","V2-STAGE-101, V2-INTEL-002, V2-STAGE-003",Realm Content Expansion,,Full Game,None,610,STAGE,P2,/Users/jeffreygyamfi/Sites/echoes-vnext/core/directives/http://DirectiveService.gd; /Users/jeffreygyamfi/Sites/echoes-vnext/core/realms/http://RealmGenerator.gd; /Users/jeffreygyamfi/Sites/echoes-vnext/docs/Echoes vNext Working http://GDD.md,"Echoes vNext Working GDD V2: the complete game needs broader Realm-side content variety, including omen reading, NPC contact, and differentiated objective libraries, not only persistent stage scaffolding.",Open,Draft,Turn the broader Realm campaign into distinct authored content families instead of one persistent but generic stage framework.,DIRECTIVE / INTEL / STAGE,,New,Full Game
"Surface social distortion and rumor contagion so Hearth strain, hierarchy hardening, and other house failures can mutate bonds, support states, and Echo expectations over time instead of resolving as isolated incidents.",Sanctum,V2-SANCTUM-016,"House failure states can seed rumor spread, social contamination, bond mutation, and shifted expectations that persist across multiple incidents without becoming opaque.","V2-SANCTUM-015, V2-SUPPORT-001, V2-BOND-002, V2-PROG-013",Long-Form House Growth,,Full Game,None,565,SANCTUM,P1,/Users/jeffreygyamfi/Sites/echoes-vnext/core/sanctum/http://SocialGraphService.gd; /Users/jeffreygyamfi/Sites/echoes-vnext/core/state/flow/states/sanctum/http://FlowSanctumState.gd; /Users/jeffreygyamfi/Sites/echoes-vnext/docs/Echoes vNext Working http://GDD.md,"Echoes vNext Working GDD V2 sections 18.10 and 21.2: healthy and failing institutions should create distinct social textures, including rumor distortion that slowly mutates bonds negatively.",Open,Draft,Make house failure contagious and socially legible instead of one-off incident flavor.,SANCTUM / BOND / VOW / VOICE,,New,Full Game
"Tune Sanctum pulse frequency, event budgets, and visible strain warnings so a larger house stays legible as institutions, jobs, and social pressure deepen.",Sanctum,V2-SANCTUM-014,"Pulse timing, event budgets, warning thresholds, and strain surfacing are defined for broader institution and job depth so late Sanctum growth remains readable.","V2-SANCTUM-004, V2-SANCTUM-006, V2-SANCTUM-014",Sanctum Social Expansion,The complete game can run a busier Sanctum without overwhelming the player or hiding major failures.,Post-Foundation,None,490,SANCTUM,P1,/Users/jeffreygyamfi/Sites/echoes-vnext/core/sanctum/http://SanctumPulseService.gd; /Users/jeffreygyamfi/Sites/echoes-vnext/ui/screens/sanctum/http://SanctumScreen.gd,"Echoes vNext Working GDD V2 section 21.2: exact pulse frequency, threshold timing, event-budget rules, and warning surfaces remain open beyond the first institution pass.",Open,Draft,Preserve the tuning layer that keeps late Sanctum pulse and strain readable as the house broadens.,SANCTUM / BOND / VOW / VOICE,,New,Expansion
"Define incident-pool expansion rules across Continuity, bonds, institution state, and Realm pressure so later house life grows in readable variety instead of random event bloat.",Sanctum,V2-SANCTUM-014,"Later Sanctum incident libraries expand from explicit rules tied to Continuity, bonds, institutions, vows, and Realm pressure rather than from ad hoc event additions.","V2-SANCTUM-009, V2-CONTINUITY-003, V2-SANCTUM-005",Sanctum Social Expansion,House incidents can scale into the complete game while staying interpretable and culturally shaped.,Post-Foundation,None,480,SANCTUM,P1,/Users/jeffreygyamfi/Sites/echoes-vnext/core/sanctum/http://SanctumIncidentService.gd; /Users/jeffreygyamfi/Sites/echoes-vnext/core/sanctum/http://SanctumPulseService.gd; /Users/jeffreygyamfi/Sites/echoes-vnext/ui/screens/sanctum/http://SanctumScreen.gd,"Echoes vNext Working GDD V2 sections 21.2 and 4329-4335: incident pools should expand from Continuity, bonds, institution state, and Realm pressure, with stronger routine/custom texture later.",Open,Superseded,Keep later Sanctum event growth rule-based so the house deepens as a society rather than as a random incident bucket.,SANCTUM / BOND / VOW / VOICE,,New,Expansion
"Differentiate Realm ecologies through pressure identities, roaming contacts, and hazard mixes so later Realms feel like distinct mythic spaces rather than reskinned stage ladders.",Realm / Tactical,V2-STAGE-102,"Later Realm content expresses distinct pressure identities through enemy role mixes, roaming contacts, hazard patterns, and objective combinations, with generation hooks that preserve learnability.","V2-STAGE-101, V2-STAGE-005, V2-INTEL-002",Realm Content Expansion,"Full-game Realm progression feels like entering different mythic spaces, not just harder versions of the same stage grammar.",Full Game,None,570,STAGE,P1,/Users/jeffreygyamfi/Sites/echoes-vnext/core/realms/http://RealmGenerator.gd; /Users/jeffreygyamfi/Sites/echoes-vnext/data/realms.json; /Users/jeffreygyamfi/Sites/echoes-vnext/data/actors.json,"Echoes vNext Working GDD V2 sections 3895-4015 and 22.5: later stages should use roaming contacts, pressure pockets, and objective-pressure identities rather than only faction-flavored combat ladders.",Open,Superseded,Preserve the larger Realm-content step where each Realm becomes a distinct ecological and narrative pressure space.,DIRECTIVE / INTEL / STAGE,,New,Full Game
"Weight Continuity candidate surfacing with Memory, Social Fabric, and Institutional Pattern so later house growth diverges coherently instead of feeling flat.",Sanctum,V2-CONTINUITY-004,"Candidate and blocker surfacing for later institutions, rites, offices, and customs use explicit weighting from Memory, Social Fabric, and Institutional Pattern rather than a flat unlock ladder.","V2-CONTINUITY-003, V2-SANCTUM-014",Long-Form House Growth,Continuity produces culturally differentiated growth paths with understandable blockers and candidate pressure.,Post-Foundation,None,540,CONTINUITY,P1,/Users/jeffreygyamfi/Sites/echoes-vnext/core/sanctum/http://ContinuityService.gd; /Users/jeffreygyamfi/Sites/echoes-vnext/ui/screens/sanctum/http://SanctumScreen.gd,"Echoes vNext Working GDD V2 sections 21.5 and 3205-3264: candidate surfacing and blocker strength should be weighted by Memory, Social Fabric, and Institutional Pattern across visible Continuity bands.",Mostly Locked,Draft,Keep Continuity divergence systemic by tying candidate surfacing to the three stated cultural drivers instead of generic progress totals.,SANCTUM / BOND / VOW / VOICE,,New,Expansion
"Expand intel beyond explicit scouting into omen, contact, artifact, and aftermath channels so stage knowledge can arrive through more than one readable path.",Realm / Tactical,V2-INTEL-101,"Backlog defines alternate intel channels, their clue vocabulary, reliability bands, and how they interact with directive choice and stage persistence.","V2-INTEL-001, V2-INTEL-002, V2-STAGE-101",Realm Expansion,Players can learn meaningful stage truth through multiple readable routes instead of one dominant scout action.,Post-Foundation,None,550,INTEL,P1,/Users/jeffreygyamfi/Sites/echoes-vnext/core/directives/http://DirectiveService.gd; /Users/jeffreygyamfi/Sites/echoes-vnext/docs/Echoes vNext Working http://GDD.md,"Echoes vNext Working GDD V2 sections 20.8, 20.9, and 21.4: some stage information should come through chance contact, omen practice, artifacts, and aftermath rather than explicit scanning only.",Mostly Locked,Draft,Protect the broader information game so scouting does not harden into the only discovery channel.,DIRECTIVE / INTEL / STAGE,"Directives, Intel",New,Expansion
"Create a house-recognition and deliberation layer so late rites, office elevation, and mythic acknowledgment are socially confirmed, contested, or redirected by the Sanctum rather than resolved as isolated solo promotions.",Sanctum,V2-SANCTUM-017,"Backlog defines house deliberation inputs, support or resistance sources, redirection paths, and how recognition outcomes feed office, mythic, and cultural state.","V2-SANCTUM-009, V2-CONTINUITY-003, V2-PROG-015",Long-Form House Society,The full game can make major recognition events feel socially earned and culturally contested instead of auto-resolved.,Full Game,None,610,SANCTUM,P1,/Users/jeffreygyamfi/Sites/echoes-vnext/core/sanctum/http://VowService.gd; /Users/jeffreygyamfi/Sites/echoes-vnext/core/sanctum/http://SocialGraphService.gd; /Users/jeffreygyamfi/Sites/echoes-vnext/docs/Echoes vNext Working http://GDD.md,"Echoes vNext Working GDD V2 section 11.8: mythic transition should combine formal rite with social confirmation from the house, and recognition can be redirected or fail.",Open,Draft,"Add the social-confirmation layer that lets the house recognize, resist, or redirect major status transitions and offices.",SANCTUM / BOND / VOW / VOICE,"Continuity, Sanctum Life, Voice",New,Full Game
"Build a fuller stage-ecology population layer so persistent stages can contain roaming pressure pockets, chance discoveries, set-piece encounters, and objective-linked reveals instead of only a thinner node sequence.",Realm / Tactical,V2-STAGE-101,"Backlog defines roaming encounter population, chance discovery hooks, objective-linked set pieces, and how those discoveries persist across reruns.","V2-STAGE-003, V2-STAGE-004, V2-INTEL-002",Realm Expansion,Post-foundation Realm play can produce richer exploration texture without abandoning the lock-on-entry stage model.,Post-Foundation,None,540,STAGE,P1,/Users/jeffreygyamfi/Sites/echoes-vnext/core/realms/http://RealmGenerator.gd; /Users/jeffreygyamfi/Sites/echoes-vnext/core/state/flow/states/venture/http://FlowStageMapState.gd; /Users/jeffreygyamfi/Sites/echoes-vnext/docs/Echoes vNext Working http://GDD.md,"Echoes vNext Working GDD V2 sections 20.8 and 20.9: stages should support hidden information, chance contact, roaming pressure, and objective-linked set pieces rather than disposable full reveals.",Mostly Locked,Draft,Deepen persistent stage generation so exploration and reruns create richer discovery textures than a simple encounter chain.,DIRECTIVE / INTEL / STAGE,"Intel, Stages",New,Expansion
"Let bonds and rivalries evolve into mediation, rupture, reconciliation, and house-level spillover so long-run social life becomes more than pairwise combat modifiers.",Sanctum,V2-BOND-003,"Backlog defines relationship arc states, mediation and rupture routes, reconciliation paths, and how those arcs feed house incidents, offices, and later recognition.","V2-BOND-002, V2-SANCTUM-009, V2-VOICE-101",Long-Form House Society,"The full game can represent friendships, feuds, repairs, and social fallout as lasting house history rather than only combat-side effects.",Full Game,None,600,BOND,P1,/Users/jeffreygyamfi/Sites/echoes-vnext/core/sanctum/http://SocialGraphService.gd; /Users/jeffreygyamfi/Sites/echoes-vnext/docs/Echoes vNext Working http://GDD.md,"Echoes vNext Working GDD V2 sections 10.7, 11.6, 12, and 18: bonds, rivalries, grief, refusal, spillover, and house social shaping should mature beyond threshold combat reactions.",Open,Draft,"Promote relationship state from pairwise edge values into long-run social arcs that can bend institutions, incidents, and recovery.",SANCTUM / BOND / VOW / VOICE,Bonds,New,Full Game
"Expand Sanctum incident pools, routines, and custom texture so Continuity, bonds, institution state, and Realm pressure generate a socially varied house instead of repeating generic aftermath beats.",Sanctum,V2-SANCTUM-016,"Backlog covers incident-pool expansion across Continuity, bonds, institution state, Realm pressure, routines, and custom texture.","V2-SANCTUM-015, V2-SANCTUM-009, V2-CONTINUITY-003, V2-CONTINUITY-004",House Life Completion,"The house can sustain varied, culturally specific social life instead of repeating one small aftermath vocabulary.",Full Game,None,720,SANCTUM,P1,/Users/jeffreygyamfi/Sites/echoes-vnext/core/state/flow/states/sanctum/http://FlowSanctumState.gd; /Users/jeffreygyamfi/Sites/echoes-vnext/core/sanctum/http://SocialGraphService.gd,"Echoes vNext Working GDD V2 sections 21.2, 21.5, and 22.5: incident-pool expansion, routine/custom texture, and culturally differentiated house life are complete-game work.",Open,Superseded,Complete the living-house layer so routines and incidents express who this Sanctum has become.,SANCTUM / BOND / VOW / VOICE,,New,Full Game
"Add rumor distortion, social contagion, and bond-fracture propagation so house pressure can mutate relationships over time instead of only resolving one edge at a time.",Sanctum,V2-BOND-003,"Backlog defines rumor-like relationship mutation, contagion rules, bond-fracture spread, and their ties to incidents and support states.","V2-BOND-002, V2-SUPPORT-001, V2-SANCTUM-016",House Social Completion,Relationship deterioration and repair can spread through the house as a living social system.,Full Game,None,725,BOND,P2,/Users/jeffreygyamfi/Sites/echoes-vnext/core/sanctum/http://SocialGraphService.gd; /Users/jeffreygyamfi/Sites/echoes-vnext/docs/Echoes vNext Working http://GDD.md,"Echoes vNext Working GDD V2 sections 15.4, 21.2, and current death-and-grief flavor direction: social rupture and rumor-like distortion should be able to spread through the house over time.",Open,Superseded,"Let house pressure reshape the relationship web through contagion and fracture, not only direct one-to-one incidents.",SANCTUM / BOND / VOW / VOICE,,New,Full Game
"Expand stage contact and omen encounter content so spirit contacts, rival traces, survivors, ritual sites, and non-enemy meetings become a real Realm ecology beyond combat and objectives.",Narrative / Content,V2-STAGE-005,"Backlog covers non-enemy contact pools, omen encounters, ritual sites, survivor traces, and their intel/directive hooks.","V2-STAGE-003, V2-STAGE-004, V2-INTEL-002",Realm Content Completion,Realm stages can generate a broader lived ecology that supports story and pressure without defaulting to combat.,Full Game,None,650,STAGE,P1,/Users/jeffreygyamfi/Sites/echoes-vnext/core/realms/http://RealmGenerator.gd; /Users/jeffreygyamfi/Sites/echoes-vnext/core/state/flow/states/venture/http://FlowEncounterState.gd,"Echoes vNext Working GDD V2: stage framework should eventually support NPCs, spirits, contacts, ritual sites, and noncombat pressure states as part of full Realm ecology.",Open,Draft,Complete the stage-content layer so Realms are populated by more than enemy packs and objective markers.,DIRECTIVE / INTEL / STAGE,,New,Full Game
"Create implementation-facing content definitions and surfacing language for incidents, rites, support states, memorials, and stage contacts so later content can be authored consistently instead of ad hoc.",Narrative / Content,V2-INFRA-006,"Backlog defines content schema expectations and shared surfacing language for incidents, rites, support states, memorials, and stage-contact content.","V2-INFRA-003, V2-SANCTUM-015, V2-WEAVE-006",Content Authoring Spine,Later content can be authored against one stable implementation vocabulary instead of bespoke one-off definitions.,Post-Foundation,None,580,INFRA,P1,/Users/jeffreygyamfi/Sites/echoes-vnext/docs/Echoes vNext Working http://GDD.md; /Users/jeffreygyamfi/Sites/echoes-vnext/docs/Echoes vNext GDD V2 http://Context.md,Echoes vNext Working GDD V2 section 21: implementation-facing content definition and surfacing language remain explicit unfinished work for completing the design.,Open,Draft,"Add the authoring scaffold that lets later social, ritual, and Realm content scale without inventing a new vocabulary every time.",INFRA / MIGRATION,,New,Expansion
"Tune Sanctum pulse event budgets, strain thresholds, and warning surfaces so rising social and institutional pressure becomes legible before it erupts into incidents.",Sanctum,V2-SANCTUM-015,"Backlog defines pulse cadence, warning thresholds, institution strain surfaces, and event-budget rules as one coherent expansion layer.","V2-SANCTUM-004, V2-SANCTUM-006, V2-SANCTUM-007",Sanctum Pressure Expansion,The player can read rising house pressure before incidents or breakdowns feel arbitrary.,Post-Foundation,None,470,SANCTUM,P1,/Users/jeffreygyamfi/Sites/echoes-vnext/core/state/flow/states/sanctum/http://FlowSanctumState.gd; /Users/jeffreygyamfi/Sites/echoes-vnext/ui/screens/sanctum/http://SanctumScreen.gd,"Echoes vNext Working GDD V2 sections 21.2 and 21.7: pulse frequency, threshold timing, event-budget rules, and strain warning surfaces remain open post-foundation work.",Open,Draft,Turn Sanctum pulse from a visible rail into a tuned pressure cadence with readable escalation.,SANCTUM / BOND / VOW / VOICE,,New,Expansion
